dataset,run,idx,ros_stamp_s,cfg_nav,reason_tokens,generated_token_slots,traj_start_token_rows,traj_start_token_all_rows,prompt_kv_seq_len,prompt_kv_mib,unguided_prompt_kv_mib,total_kv_mib,model_parameter_mib,cuda_peak_allocated_gib,cuda_peak_reserved_gib,cuda_peak_allocated_delta_mib,cuda_peak_reserved_delta_mib,kv_pct_of_peak_allocated,model_duration_s,input_camera_frames,gpu_energy_j,total_energy_j,total_tflop
MCity,kv/mcity_diff2,0,1545235952.923106,0,8,11,1,1,838,117.843750,,117.843750,21130.612411,20.923347,21.177734,269.354004,290.000000,0.550016,2.210877,4,39.874,129.706,63.947
MCity,kv/mcity_diff2,1,1545235954.923095,0,15,18,1,1,845,118.828125,,118.828125,21130.612411,20.923217,21.177734,268.218750,0.000000,0.554614,2.536426,4,49.209,160.799,64.067
MCity,kv/mcity_diff2,2,1545235956.923071,0,38,41,1,1,868,122.062500,,122.062500,21130.612411,20.923217,21.177734,268.218750,0.000000,0.569710,5.136436,4,90.937,311.799,64.460
MCity,kv/mcity_diff2,3,1545235959.923032,0,27,30,1,1,857,120.515625,,120.515625,21130.612411,20.923217,21.177734,268.218750,0.000000,0.562490,3.894801,4,71.498,239.558,64.272
MCity,kv/mcity_diff2,4,1545235961.883028,0,10,13,1,1,840,118.125000,,118.125000,21130.612411,20.923217,21.177734,268.218750,0.000000,0.551332,1.972159,4,43.773,128.312,63.981
MCity,kv/mcity_diff2,5,1545235962.923022,0,13,16,1,1,843,118.546875,,118.546875,21130.612411,20.923217,21.177734,268.218750,0.000000,0.553301,2.312396,4,50.446,148.418,64.032
MCity,kv/mcity_diff2,6,1545235964.882997,0,17,20,1,1,847,119.109375,,119.109375,21130.612411,20.923217,21.177734,268.218750,0.000000,0.555927,2.758664,4,53.017,173.864,64.101
MCity,kv/mcity_diff2,7,1545235966.923059,0,8,11,1,1,838,117.843750,,117.843750,21130.612411,20.923217,21.177734,268.218750,0.000000,0.550020,1.758460,4,36.704,115.480,63.947
MCity,kv/mcity_diff2,8,1545235967.902999,0,10,13,1,1,840,118.125000,,118.125000,21130.612411,20.923217,21.177734,268.218750,0.000000,0.551332,1.980964,4,43.076,129.179,63.981
MCity,kv/mcity_diff2,9,1545235968.883028,0,13,16,1,1,843,118.546875,,118.546875,21130.612411,20.923217,21.177734,268.218750,0.000000,0.553301,2.312864,4,50.389,148.268,64.032
MCity,kv/mcity_diff2,10,1545235970.882940,0,12,15,1,1,842,118.406250,,118.406250,21130.612411,20.923217,21.177734,268.218750,0.000000,0.552645,2.189690,4,43.836,141.291,64.015
MCity,kv/mcity_diff2,11,1545235972.903028,0,16,19,1,1,846,118.968750,,118.968750,21130.612411,20.923217,21.177734,268.218750,0.000000,0.555270,2.662708,4,51.299,168.229,64.084
MCity,kv/mcity_diff2,12,1545235974.902918,0,0,64,0,0,891,125.296875,,125.296875,21130.612411,20.923217,21.177734,268.218750,0.000000,0.584806,7.677140,4,132.236,461.474,64.032
MCity,kv/mcity_diff2,13,1545235978.882946,0,13,16,1,1,843,118.546875,,118.546875,21130.612411,20.923217,21.177734,268.218750,0.000000,0.553301,2.301846,4,47.722,148.314,64.135
MCity,kv/mcity_diff2,14,1545235980.902993,0,19,22,1,1,849,119.390625,,119.390625,21130.612411,20.923217,21.177734,268.218750,0.000000,0.557239,2.961092,4,56.562,186.458,64.409
MCity,kv/mcity_diff2,15,1545235982.922967,0,35,38,1,1,865,121.640625,,121.640625,21130.612411,20.923217,21.177734,268.218750,0.000000,0.567741,4.765047,4,85.609,292.795,63.947
MCity,kv/mcity_diff2,16,1545235985.902844,0,8,11,1,1,838,117.843750,,117.843750,21130.612411,20.923217,21.177734,268.218750,0.000000,0.550020,1.752659,4,36.722,115.776,63.913
MCity,kv/mcity_diff2,17,1545235986.882974,0,6,9,1,1,836,117.562500,,117.562500,21130.612411,20.923217,21.177734,268.218750,0.000000,0.548707,1.529763,4,35.446,102.984,64.084
MCity,kv/mcity_diff2,18,1545235987.922825,0,16,19,1,1,846,118.968750,,118.968750,21130.612411,20.923217,21.177734,268.218750,0.000000,0.555270,2.654351,4,52.894,168.665,64.084
MCity,kv/mcity_diff2,19,1545235989.902864,0,0,6,0,0,833,117.140625,,117.140625,21130.612411,20.923217,21.177734,268.218750,0.000000,0.546738,1.197569,4,26.969,83.274,63.947
MCity,kv/mcity_diff2,20,1545235990.922870,0,16,19,1,1,846,118.968750,,118.968750,21130.612411,20.923217,21.177734,268.218750,0.000000,0.555270,2.646611,4,52.070,169.156,64.340
MCity,kv/mcity_diff2,21,1545235992.882976,0,8,11,1,1,838,117.843750,,117.843750,21130.612411,20.923217,21.177734,268.218750,0.000000,0.550020,1.757444,4,36.822,116.916,64.049
MCity,kv/mcity_diff2,22,1545235993.922772,0,31,34,1,1,861,121.078125,,121.078125,21130.612411,20.923217,21.177734,268.218750,0.000000,0.565116,4.307555,4,80.673,267.235,63.998
MCity,kv/mcity_diff2,23,1545235996.902841,0,14,17,1,1,844,118.687500,,118.687500,21130.612411,20.923217,21.177734,268.218750,0.000000,0.553958,2.390926,4,47.024,154.222,63.930
MCity,kv/mcity_diff2,24,1545235998.902751,0,0,64,0,0,891,125.296875,,125.296875,21130.612411,20.923217,21.177734,268.218750,0.000000,0.584806,7.683964,4,132.108,463.915,63.930
MCity,kv/mcity_diff2,25,1545236002.882707,0,0,10,0,0,837,117.703125,,117.703125,21130.612411,20.923217,21.177734,268.218750,0.000000,0.549363,1.638462,4,36.851,110.309,64.032
MCity,kv/mcity_diff2,26,1545236003.902715,0,11,14,1,1,841,118.265625,,118.265625,21130.612411,20.923217,21.177734,268.218750,0.000000,0.551989,2.092525,4,44.305,137.352,64.032
MCity,kv/mcity_diff2,27,1545236005.922679,0,7,10,1,1,837,117.703125,,117.703125,21130.612411,20.923217,21.177734,268.218750,0.000000,0.549363,1.642969,4,34.788,109.088,64.118
MCity,kv/mcity_diff2,28,1545236006.902815,0,7,10,1,1,837,117.703125,,117.703125,21130.612411,20.923217,21.177734,268.218750,0.000000,0.549363,1.640252,4,36.929,109.216,64.015
MCity,kv/mcity_diff2,29,1545236007.882821,0,13,16,1,1,843,118.546875,,118.546875,21130.612411,20.923217,21.177734,268.218750,0.000000,0.553301,2.299881,4,47.889,148.160,64.032
MCity,kv/mcity_diff2,30,1545236009.902685,0,13,16,1,1,843,118.546875,,118.546875,21130.612411,20.923217,21.177734,268.218750,0.000000,0.553301,2.286996,4,45.617,147.161,63.981
MCity,kv/mcity_diff2,31,1545236011.922659,0,18,21,1,1,848,119.250000,,119.250000,21130.612411,20.923217,21.177734,268.218750,0.000000,0.556583,2.862472,4,54.814,181.006,64.032
MCity,kv/mcity_diff2,32,1545236013.882709,0,12,15,1,1,842,118.406250,,118.406250,21130.612411,20.923217,21.177734,268.218750,0.000000,0.552645,2.207426,4,44.180,142.517,64.015
MCity,kv/mcity_diff2,33,1545236015.922744,0,0,7,0,0,834,117.281250,,117.281250,21130.612411,20.923217,21.177734,268.218750,0.000000,0.547394,1.319782,4,29.057,90.186,64.032
MCity,kv/mcity_diff2,34,1545236016.902630,0,13,16,1,1,843,118.546875,,118.546875,21130.612411,20.923217,21.177734,268.218750,0.000000,0.553301,2.304544,4,46.626,148.230,63.947
MCity,kv/mcity_diff2,35,1545236018.902597,0,10,13,1,1,840,118.125000,,118.125000,21130.612411,20.923217,21.177734,268.218750,0.000000,0.551332,1.955298,4,40.131,128.046,64.511
MCity,kv/mcity_diff2,36,1545236019.882693,0,13,16,1,1,843,118.546875,,118.546875,21130.612411,20.923217,21.177734,268.218750,0.000000,0.553301,2.285527,4,49.792,147.692,64.067
MCity,kv/mcity_diff2,37,1545236021.902569,0,12,15,1,1,842,118.406250,,118.406250,21130.612411,20.923217,21.177734,268.218750,0.000000,0.552645,2.167766,4,43.716,140.879,64.203
MCity,kv/mcity_diff2,38,1545236023.922633,0,13,16,1,1,843,118.546875,,118.546875,21130.612411,20.923217,21.177734,268.218750,0.000000,0.553301,2.287126,4,45.649,147.231,64.015
MCity,kv/mcity_diff2,39,1545236025.882617,0,8,11,1,1,838,117.843750,,117.843750,21130.612411,20.923217,21.177734,268.218750,0.000000,0.550020,1.735248,4,36.472,115.105,64.101
MCity,kv/mcity_diff2,40,1545236026.902694,0,41,44,1,1,871,122.484375,,122.484375,21130.612411,20.923217,21.177734,268.218750,0.000000,0.571679,5.353734,4,97.727,328.294,64.049
MCity,kv/mcity_diff2,41,1545236029.902567,0,15,18,1,1,845,118.828125,,118.828125,21130.612411,20.923217,21.177734,268.218750,0.000000,0.554614,2.499992,4,50.013,160.283,64.032
MCity,kv/mcity_diff2,42,1545236031.922488,0,23,25,1,1,852,119.812500,,119.812500,21130.612411,20.923217,21.177734,268.218750,0.000000,0.559208,3.250469,4,61.410,204.291,64.101
MCity,kv/mcity_diff2,43,1545236033.882473,0,12,15,1,1,842,118.406250,,118.406250,21130.612411,20.923217,21.177734,268.218750,0.000000,0.552645,2.162463,4,44.326,140.478,64.614
MCity,kv/mcity_diff2,44,1545236035.902520,0,17,20,1,1,847,119.109375,,119.109375,21130.612411,20.923217,21.177734,268.218750,0.000000,0.555927,2.725537,4,52.654,174.186,64.101
MCity,kv/mcity_diff2,45,1545236037.902443,0,14,17,1,1,844,118.687500,,118.687500,21130.612411,20.923217,21.177734,268.218750,0.000000,0.553958,2.437068,4,48.041,156.261,64.067
MCity,kv/mcity_diff2,46,1545236039.922448,0,13,16,1,1,843,118.546875,,118.546875,21130.612411,20.923217,21.177734,268.218750,0.000000,0.553301,2.302235,4,45.683,149.155,63.964
MCity,kv/mcity_diff2,47,1545236041.922422,0,17,20,1,1,847,119.109375,,119.109375,21130.612411,20.923217,21.177734,268.218750,0.000000,0.555927,2.729853,4,52.796,173.864,63.998
MCity,kv/mcity_diff2,48,1545236043.902399,0,47,50,1,1,877,123.328125,,123.328125,21130.612411,20.923217,21.177734,268.218750,0.000000,0.575617,6.114340,4,107.286,370.532,64.067
MCity,kv/mcity_diff2,49,1545236047.922363,0,17,20,1,1,847,119.109375,,119.109375,21130.612411,20.923217,21.177734,268.218750,0.000000,0.555927,2.778685,4,53.092,175.600,64.032
MCity,kv/mcity_diff2,50,1545236049.882417,0,15,18,1,1,845,118.828125,,118.828125,21130.612411,20.923217,21.177734,268.218750,0.000000,0.554614,2.540299,4,49.535,161.601,64.049
MCity,kv/mcity_diff2,51,1545236051.922370,0,9,12,1,1,839,117.984375,,117.984375,21130.612411,20.923217,21.177734,268.218750,0.000000,0.550676,1.868360,4,38.538,122.536,63.998
MCity,kv/mcity_diff2,52,1545236052.922340,0,11,14,1,1,841,118.265625,,118.265625,21130.612411,20.923217,21.177734,268.218750,0.000000,0.551989,2.090423,4,45.809,135.738,63.913
MCity,kv/mcity_diff2,53,1545236054.882306,0,15,18,1,1,845,118.828125,,118.828125,21130.612411,20.923217,21.177734,268.218750,0.000000,0.554614,2.543193,4,49.356,162.013,64.032
MCity,kv/mcity_diff2,54,1545236056.902365,0,13,16,1,1,843,118.546875,,118.546875,21130.612411,20.923217,21.177734,268.218750,0.000000,0.553301,2.314085,4,45.777,148.843,64.049
MCity,kv/mcity_diff2,55,1545236058.902375,0,14,17,1,1,844,118.687500,,118.687500,21130.612411,20.923217,21.177734,268.218750,0.000000,0.553958,2.441765,4,47.656,156.268,64.049
MCity,kv/mcity_diff2,56,1545236060.922315,0,11,14,1,1,841,118.265625,,118.265625,21130.612411,20.923217,21.177734,268.218750,0.000000,0.551989,2.092684,4,42.189,135.583,64.032
MCity,kv/mcity_diff2,57,1545236062.882249,0,6,9,1,1,836,117.562500,,117.562500,21130.612411,20.923217,21.177734,268.218750,0.000000,0.548707,1.508533,4,32.434,101.935,63.964
MCity,kv/mcity_diff2,58,1545236063.922281,0,13,16,1,1,843,118.546875,,118.546875,21130.612411,20.923217,21.177734,268.218750,0.000000,0.553301,2.267917,4,46.808,147.023,64.101
MCity,kv/mcity_diff2,59,1545236065.902293,0,14,17,1,1,844,118.687500,,118.687500,21130.612411,20.923217,21.177734,268.218750,0.000000,0.553958,2.377213,4,46.851,153.090,64.067
MCity,kv/mcity_diff2,60,1545236067.902213,0,14,17,1,1,844,118.687500,,118.687500,21130.612411,20.923217,21.177734,268.218750,0.000000,0.553958,2.427434,4,47.756,155.706,63.981
MCity,kv/mcity_diff2,61,1545236069.922260,0,13,16,1,1,843,118.546875,,118.546875,21130.612411,20.923217,21.177734,268.218750,0.000000,0.553301,2.302202,4,45.717,148.407,64.049
MCity,kv/mcity_diff2,62,1545236071.882316,0,9,12,1,1,839,117.984375,,117.984375,21130.612411,20.923217,21.177734,268.218750,0.000000,0.550676,1.850724,4,38.551,122.472,64.084
MCity,kv/mcity_diff2,63,1545236072.902180,0,17,20,1,1,847,119.109375,,119.109375,21130.612411,20.923217,21.177734,268.218750,0.000000,0.555927,2.725706,4,56.142,173.862,64.049
MCity,kv/mcity_diff2,64,1545236074.922160,0,15,18,1,1,845,118.828125,,118.828125,21130.612411,20.923217,21.177734,268.218750,0.000000,0.554614,2.501376,4,49.205,160.565,64.135
MCity,kv/mcity_diff2,65,1545236076.882249,0,10,13,1,1,840,118.125000,,118.125000,21130.612411,20.923217,21.177734,268.218750,0.000000,0.551332,1.952268,4,40.037,128.885,64.049
MCity,kv/mcity_diff2,66,1545236077.922225,0,14,17,1,1,844,118.687500,,118.687500,21130.612411,20.923217,21.177734,268.218750,0.000000,0.553958,2.397789,4,51.612,154.904,64.049
MCity,kv/mcity_diff2,67,1545236079.882269,0,16,19,1,1,846,118.968750,,118.968750,21130.612411,20.923217,21.177734,268.218750,0.000000,0.555270,2.604846,4,50.658,166.813,64.306
MCity,kv/mcity_diff2,68,1545236081.902133,0,14,17,1,1,844,118.687500,,118.687500,21130.612411,20.923217,21.177734,268.218750,0.000000,0.553958,2.393855,4,47.329,154.816,63.981
MCity,kv/mcity_diff2,69,1545236083.902162,0,19,22,1,1,849,119.390625,,119.390625,21130.612411,20.923217,21.177734,268.218750,0.000000,0.557239,2.952167,4,56.251,187.380,64.049
MCity,kv/mcity_diff2,70,1545236085.922084,0,14,17,1,1,844,118.687500,,118.687500,21130.612411,20.923217,21.177734,268.218750,0.000000,0.553958,2.388875,4,47.613,154.662,64.084
MCity,kv/mcity_diff2,71,1545236087.922098,0,14,17,1,1,844,118.687500,,118.687500,21130.612411,20.923217,21.177734,268.218750,0.000000,0.553958,2.408085,4,47.554,155.038,63.981
MCity,kv/mcity_diff2,72,1545236089.882042,0,29,32,1,1,859,120.796875,,120.796875,21130.612411,20.923217,21.177734,268.218750,0.000000,0.563803,4.042142,4,73.903,251.321,63.947
MCity,kv/mcity_diff2,73,1545236092.882114,0,0,47,0,0,874,122.906250,,122.906250,21130.612411,20.923217,21.177734,268.218750,0.000000,0.573648,5.903060,4,102.798,365.410,64.135
MCity,kv/mcity_diff2,74,1545236095.922080,0,10,13,1,1,840,118.125000,,118.125000,21130.612411,20.923217,21.177734,268.218750,0.000000,0.551332,1.990560,4,44.397,132.624,64.101
MCity,kv/mcity_diff2,75,1545236096.902021,0,14,17,1,1,844,118.687500,,118.687500,21130.612411,20.923217,21.177734,268.218750,0.000000,0.553958,2.428912,4,52.630,155.805,64.049
MCity,kv/mcity_diff2,76,1545236098.902065,0,16,19,1,1,846,118.968750,,118.968750,21130.612411,20.923217,21.177734,268.218750,0.000000,0.555270,2.706274,4,51.766,174.755,63.998
MCity,kv/mcity_diff2,77,1545236100.921971,0,10,13,1,1,840,118.125000,,118.125000,21130.612411,20.923217,21.177734,268.218750,0.000000,0.551332,1.978773,4,40.587,129.576,63.947
MCity,kv/mcity_diff2,78,1545236101.921944,0,8,11,1,1,838,117.843750,,117.843750,21130.612411,20.923217,21.177734,268.218750,0.000000,0.550020,1.751966,4,41.106,116.642,64.101
MCity,kv/mcity_diff2,79,1545236102.922086,0,19,22,1,1,849,119.390625,,119.390625,21130.612411,20.923217,21.177734,268.218750,0.000000,0.557239,2.987226,4,59.282,188.866,64.049
MCity,kv/mcity_diff2,80,1545236104.921991,0,17,20,1,1,847,119.109375,,119.109375,21130.612411,20.923217,21.177734,268.218750,0.000000,0.555927,2.766353,4,53.329,176.317,63.947
MCity,kv/mcity_diff2,81,1545236106.901981,0,14,17,1,1,844,118.687500,,118.687500,21130.612411,20.923217,21.177734,268.218750,0.000000,0.553958,2.425912,4,47.965,156.192,64.049
MCity,kv/mcity_diff2,82,1545236108.901975,0,0,18,0,0,845,118.828125,,118.828125,21130.612411,20.923217,21.177734,268.218750,0.000000,0.554614,2.541123,4,49.487,162.788,64.032
MCity,kv/mcity_diff2,83,1545236110.881882,0,11,14,1,1,841,118.265625,,118.265625,21130.612411,20.923217,21.177734,268.218750,0.000000,0.551989,2.076084,4,42.115,135.843,63.947
MCity,kv/mcity_diff2,84,1545236112.901949,0,8,11,1,1,838,117.843750,,117.843750,21130.612411,20.923217,21.177734,268.218750,0.000000,0.550020,1.767977,4,37.162,117.146,64.049
MCity,kv/mcity_diff2,85,1545236113.881852,0,17,20,1,1,847,119.109375,,119.109375,21130.612411,20.923217,21.177734,268.218750,0.000000,0.555927,2.762874,4,55.934,175.104,63.998
MCity,kv/mcity_diff2,86,1545236115.921826,0,14,17,1,1,844,118.687500,,118.687500,21130.612411,20.923217,21.177734,268.218750,0.000000,0.553958,2.476480,4,48.373,158.946,64.049
MCity,kv/mcity_diff2,87,1545236117.901838,0,8,11,1,1,838,117.843750,,117.843750,21130.612411,20.923217,21.177734,268.218750,0.000000,0.550020,1.759374,4,36.855,116.424,63.981
MCity,kv/mcity_diff2,88,1545236118.881874,0,14,17,1,1,844,118.687500,,118.687500,21130.612411,20.923217,21.177734,268.218750,0.000000,0.553958,2.442556,4,50.571,156.684,64.049
MCity,kv/mcity_diff2,89,1545236120.901822,0,13,16,1,1,843,118.546875,,118.546875,21130.612411,20.923217,21.177734,268.218750,0.000000,0.553301,2.327894,4,46.180,150.133,64.237
MCity,kv/mcity_diff2,90,1545236122.921825,0,8,11,1,1,838,117.843750,,117.843750,21130.612411,20.923217,21.177734,268.218750,0.000000,0.550020,1.759040,4,36.824,116.878,64.032
MCity,kv/mcity_diff2,91,1545236123.921809,0,14,17,1,1,844,118.687500,,118.687500,21130.612411,20.923217,21.177734,268.218750,0.000000,0.553958,2.439567,4,50.598,156.306,64.032
MCity,kv/mcity_diff2,92,1545236125.901829,0,11,14,1,1,841,118.265625,,118.265625,21130.612411,20.923217,21.177734,268.218750,0.000000,0.551989,2.101889,4,42.332,136.588,64.015
MCity,kv/mcity_diff2,93,1545236127.921757,0,14,17,1,1,844,118.687500,,118.687500,21130.612411,20.923217,21.177734,268.218750,0.000000,0.553958,2.426265,4,47.486,155.997,64.032
MCity,kv/mcity_diff2,94,1545236129.881743,0,10,13,1,1,840,118.125000,,118.125000,21130.612411,20.923217,21.177734,268.218750,0.000000,0.551332,1.982508,4,40.474,129.939,64.118
MCity,kv/mcity_diff2,95,1545236130.921737,0,14,17,1,1,844,118.687500,,118.687500,21130.612411,20.923217,21.177734,268.218750,0.000000,0.553958,2.427632,4,52.385,156.948,64.118
MCity,kv/mcity_diff2,96,1545236132.901794,0,25,28,1,1,855,120.234375,,120.234375,21130.612411,20.923217,21.177734,268.218750,0.000000,0.561177,3.619790,4,66.867,226.736,64.049
MCity,kv/mcity_diff2,97,1545236134.901762,0,13,16,1,1,843,118.546875,,118.546875,21130.612411,20.923217,21.177734,268.218750,0.000000,0.553301,2.290354,4,47.537,148.181,64.015
MCity,kv/mcity_diff2,98,1545236136.921690,0,13,16,1,1,843,118.546875,,118.546875,21130.612411,20.923217,21.177734,268.218750,0.000000,0.553301,2.318473,4,45.950,150.677,63.998
MCity,kv/mcity_diff2,99,1545236138.921722,0,12,15,1,1,842,118.406250,,118.406250,21130.612411,20.923217,21.177734,268.218750,0.000000,0.552645,2.194236,4,44.077,142.716,63.998
MCity,kv/mcity_diff2,100,1545236140.901797,0,13,16,1,1,843,118.546875,,118.546875,21130.612411,20.923217,21.177734,268.218750,0.000000,0.553301,2.303594,4,45.815,148.115,64.049
MCity,kv/mcity_diff2,101,1545236142.921634,0,18,21,1,1,848,119.250000,,119.250000,21130.612411,20.923217,21.177734,268.218750,0.000000,0.556583,2.892564,4,54.989,182.395,64.084
MCity,kv/mcity_diff2,102,1545236144.901636,0,18,21,1,1,848,119.250000,,119.250000,21130.612411,20.923217,21.177734,268.218750,0.000000,0.556583,2.872250,4,55.106,181.839,64.049
MCity,kv/mcity_diff2,103,1545236146.901737,0,14,17,1,1,844,118.687500,,118.687500,21130.612411,20.923217,21.177734,268.218750,0.000000,0.553958,2.431384,4,47.918,156.043,64.032
MCity,kv/mcity_diff2,104,1545236148.921597,0,0,64,0,0,891,125.296875,,125.296875,21130.612411,20.923217,21.177734,268.218750,0.000000,0.584806,7.700047,4,132.555,465.001,64.032
MCity,kv/mcity_diff2,105,1545236152.881558,0,12,15,1,1,842,118.406250,,118.406250,21130.612411,20.923217,21.177734,268.218750,0.000000,0.552645,2.211946,4,46.423,143.211,63.998
MCity,kv/mcity_diff2,106,1545236154.901681,0,11,14,1,1,841,118.265625,,118.265625,21130.612411,20.923217,21.177734,268.218750,0.000000,0.551989,2.090327,4,42.269,136.099,63.913
MCity,kv/mcity_diff2,107,1545236156.901679,0,11,14,1,1,841,118.265625,,118.265625,21130.612411,20.923217,21.177734,268.218750,0.000000,0.551989,2.067057,4,42.101,135.199,64.049
MCity,kv/mcity_diff2,108,1545236158.921581,0,14,17,1,1,844,118.687500,,118.687500,21130.612411,20.923217,21.177734,268.218750,0.000000,0.553958,2.440594,4,47.532,156.676,63.964
MCity,kv/mcity_diff2,109,1545236160.881557,0,16,19,1,1,846,118.968750,,118.968750,21130.612411,20.923217,21.177734,268.218750,0.000000,0.555270,2.663706,4,51.477,169.960,64.015
MCity,kv/mcity_diff2,110,1545236162.921539,0,14,17,1,1,844,118.687500,,118.687500,21130.612411,20.923217,21.177734,268.218750,0.000000,0.553958,2.420994,4,47.729,155.748,64.032
MCity,kv/mcity_diff2,111,1545236164.881593,0,13,16,1,1,843,118.546875,,118.546875,21130.612411,20.923217,21.177734,268.218750,0.000000,0.553301,2.325434,4,46.188,149.711,64.135
MCity,kv/mcity_diff2,112,1545236166.881532,0,13,16,1,1,843,118.546875,,118.546875,21130.612411,20.923217,21.177734,268.218750,0.000000,0.553301,2.322045,4,45.870,149.487,64.049
MCity,kv/mcity_diff2,113,1545236168.901428,0,11,14,1,1,841,118.265625,,118.265625,21130.612411,20.923217,21.177734,268.218750,0.000000,0.551989,2.095433,4,42.479,136.770,63.998
MCity,kv/mcity_diff2,114,1545236170.901482,0,6,9,1,1,836,117.562500,,117.562500,21130.612411,20.923217,21.177734,268.218750,0.000000,0.548707,1.534016,4,32.769,103.349,64.067
MCity,kv/mcity_diff2,115,1545236171.921480,0,14,17,1,1,844,118.687500,,118.687500,21130.612411,20.923217,21.177734,268.218750,0.000000,0.553958,2.429101,4,49.272,156.089,64.032
MCity,kv/mcity_diff2,116,1545236173.901414,0,9,12,1,1,839,117.984375,,117.984375,21130.612411,20.923217,21.177734,268.218750,0.000000,0.550676,1.873971,4,38.757,123.392,63.998
MCity,kv/mcity_diff2,117,1545236174.921466,0,12,15,1,1,842,118.406250,,118.406250,21130.612411,20.923217,21.177734,268.218750,0.000000,0.552645,2.209155,4,47.739,143.199,63.998
MCity,kv/mcity_diff2,118,1545236176.901428,0,13,16,1,1,843,118.546875,,118.546875,21130.612411,20.923217,21.177734,268.218750,0.000000,0.553301,2.321877,4,45.908,149.674,63.981
MCity,kv/mcity_diff2,119,1545236178.921368,0,19,22,1,1,849,119.390625,,119.390625,21130.612411,20.923217,21.177734,268.218750,0.000000,0.557239,2.987267,4,56.633,188.683,64.032
MCity,kv/mcity_diff2,120,1545236180.881390,0,14,17,1,1,844,118.687500,,118.687500,21130.612411,20.923217,21.177734,268.218750,0.000000,0.553958,2.432824,4,48.127,156.078,64.032
MCity,kv/mcity_diff2,121,1545236182.921308,0,11,14,1,1,841,118.265625,,118.265625,21130.612411,20.923217,21.177734,268.218750,0.000000,0.551989,2.091995,4,42.277,136.314,64.032
MCity,kv/mcity_diff2,122,1545236184.901301,0,15,18,1,1,845,118.828125,,118.828125,21130.612411,20.923217,21.177734,268.218750,0.000000,0.554614,2.532117,4,49.326,161.711,64.032
MCity,kv/mcity_diff2,123,1545236186.921347,0,13,16,1,1,843,118.546875,,118.546875,21130.612411,20.923217,21.177734,268.218750,0.000000,0.553301,2.309215,4,45.863,148.454,64.032
MCity,kv/mcity_diff2,124,1545236188.881263,0,11,14,1,1,841,118.265625,,118.265625,21130.612411,20.923217,21.177734,268.218750,0.000000,0.551989,2.088322,4,42.210,135.882,64.032
MCity,kv/mcity_diff2,125,1545236190.901274,0,11,14,1,1,841,118.265625,,118.265625,21130.612411,20.923217,21.177734,268.218750,0.000000,0.551989,2.092349,4,42.034,135.660,63.947
MCity,kv/mcity_diff2,126,1545236192.921302,0,10,13,1,1,840,118.125000,,118.125000,21130.612411,20.923217,21.177734,268.218750,0.000000,0.551332,1.988845,4,40.548,129.981,64.032
MCity,kv/mcity_diff2,127,1545236193.901239,0,13,16,1,1,843,118.546875,,118.546875,21130.612411,20.923217,21.177734,268.218750,0.000000,0.553301,2.322892,4,50.643,149.404,64.032
MCity,kv/mcity_diff2,128,1545236195.901215,0,13,16,1,1,843,118.546875,,118.546875,21130.612411,20.923217,21.177734,268.218750,0.000000,0.553301,2.316432,4,45.845,149.212,64.032
MCity,kv/mcity_diff2,129,1545236197.921189,0,13,16,1,1,843,118.546875,,118.546875,21130.612411,20.923217,21.177734,268.218750,0.000000,0.553301,2.335618,4,45.951,150.355,
MCity,kv/mcity_diff2,130,1545236199.921199,0,13,16,1,1,843,118.546875,,118.546875,21130.612411,20.923217,21.177734,268.218750,0.000000,0.553301,2.310078,4,45.942,148.836,
MCity,kv/mcity_diff2,131,1545236201.901193,0,13,16,1,1,843,118.546875,,118.546875,21130.612411,20.923217,21.177734,268.218750,0.000000,0.553301,2.312631,4,45.846,148.633,
MCity,kv/mcity_diff2,132,1545236203.901169,0,13,16,1,1,843,118.546875,,118.546875,21130.612411,20.923217,21.177734,268.218750,0.000000,0.553301,2.309161,4,45.611,148.575,
MCity,kv/mcity_diff2,133,1545236205.921130,0,8,11,1,1,838,117.843750,,117.843750,21130.612411,20.923217,21.177734,268.218750,0.000000,0.550020,1.765145,4,36.668,116.615,
MCity,kv/mcity_diff2,134,1545236206.901187,0,13,16,1,1,843,118.546875,,118.546875,21130.612411,20.923217,21.177734,268.218750,0.000000,0.553301,2.323081,4,48.783,149.270,
MCity,kv/mcity_diff2,135,1545236208.701174,0,13,16,1,1,843,118.546875,,118.546875,21130.612411,20.923217,21.177734,268.218750,0.000000,0.553301,2.310736,4,45.897,148.102,
MCity,kv/mcity_diff2,136,1545236208.701174,0,13,16,1,1,843,118.546875,,118.546875,21130.612411,20.923217,21.177734,268.218750,0.000000,0.553301,2.297335,4,45.577,147.773,
Waymo,kv/waymo_moving_diff2,0,1552440196.862068,0,6,9,1,1,3081,433.265625,,433.265625,21130.612411,21.631350,22.083984,974.968262,1062.000000,1.956008,4.085320,16,106.636,274.644,63.913
Waymo,kv/waymo_moving_diff2,1,1552440197.361693,0,11,14,1,1,3086,433.968750,,433.968750,21130.612411,21.629887,22.083984,972.468750,0.000000,1.959315,3.941151,16,112.515,285.235,63.998
Waymo,kv/waymo_moving_diff2,2,1552440197.761529,0,7,10,1,1,3082,433.406250,,433.406250,21130.612411,21.629887,22.083984,972.468750,0.000000,1.956775,3.474607,16,108.346,259.194,63.930
Waymo,kv/waymo_moving_diff2,3,1552440198.161543,0,9,12,1,1,3084,433.687500,,433.687500,21130.612411,21.629887,22.083984,972.468750,0.000000,1.958045,3.686846,16,108.980,271.708,63.964
Waymo,kv/waymo_moving_diff2,4,1552440198.561742,0,7,10,1,1,3082,433.406250,,433.406250,21130.612411,21.629887,22.083984,972.468750,0.000000,1.956775,3.463365,16,106.326,258.638,63.930
Waymo,kv/waymo_moving_diff2,5,1552440198.962023,0,6,9,1,1,3081,433.265625,,433.265625,21130.612411,21.629887,22.083984,972.468750,0.000000,1.956140,3.352221,16,103.291,251.652,63.913
Waymo,kv/waymo_moving_diff2,6,1552440199.362275,0,6,9,1,1,3081,433.265625,,433.265625,21130.612411,21.629887,22.083984,972.468750,0.000000,1.956140,3.360655,16,102.969,253.151,63.913
Waymo,kv/waymo_moving_diff2,7,1552440199.762434,0,9,12,1,1,3084,433.687500,,433.687500,21130.612411,21.629887,22.083984,972.468750,0.000000,1.958045,3.699255,16,109.308,272.773,63.964
Waymo,kv/waymo_moving_diff2,8,1552440200.162477,0,12,15,1,1,3087,434.109375,,434.109375,21130.612411,21.629887,22.083984,972.468750,0.000000,1.959950,4.057366,16,116.674,293.687,64.015
Waymo,kv/waymo_moving_diff2,9,1552440200.662540,0,12,15,1,1,3087,434.109375,,434.109375,21130.612411,21.629887,22.083984,972.468750,0.000000,1.959950,3.996343,16,113.661,293.025,64.015
Waymo,kv/waymo_moving_diff2,10,1552440201.162602,0,33,36,1,1,3108,437.062500,,437.062500,21130.612411,21.629887,22.083984,972.468750,0.000000,1.973283,6.402879,16,153.623,435.235,64.374
Waymo,kv/waymo_moving_diff2,11,1552440201.862530,0,6,9,1,1,3081,433.265625,,433.265625,21130.612411,21.629887,22.083984,972.468750,0.000000,1.956140,3.333503,16,102.713,252.230,63.913
Waymo,kv/waymo_moving_diff2,12,1552440202.262511,0,12,15,1,1,3087,434.109375,,434.109375,21130.612411,21.629887,22.083984,972.468750,0.000000,1.959950,3.981997,16,114.292,291.042,64.015
Waymo,kv/waymo_moving_diff2,13,1552440202.762508,0,6,9,1,1,3081,433.265625,,433.265625,21130.612411,21.629887,22.083984,972.468750,0.000000,1.956140,3.353492,16,102.102,253.163,63.913
Waymo,kv/waymo_moving_diff2,14,1552440203.162558,0,6,9,1,1,3081,433.265625,,433.265625,21130.612411,21.629887,22.083984,972.468750,0.000000,1.956140,3.352608,16,103.002,253.800,63.913
Waymo,kv/waymo_moving_diff2,15,1552440203.562534,0,7,10,1,1,3082,433.406250,,433.406250,21130.612411,21.629887,22.083984,972.468750,0.000000,1.956775,3.465600,16,105.295,259.619,63.930
Waymo,kv/waymo_moving_diff2,16,1552440203.962552,0,6,9,1,1,3081,433.265625,,433.265625,21130.612411,21.629887,22.083984,972.468750,0.000000,1.956140,3.360717,16,103.627,254.210,63.913
Waymo,kv/waymo_moving_diff2,17,1552440204.362522,0,6,9,1,1,3081,433.265625,,433.265625,21130.612411,21.629887,22.083984,972.468750,0.000000,1.956140,3.353916,16,103.210,253.232,63.913
Waymo,kv/waymo_moving_diff2,18,1552440204.762531,0,6,9,1,1,3081,433.265625,,433.265625,21130.612411,21.629887,22.083984,972.468750,0.000000,1.956140,3.359050,16,103.489,254.882,63.913
Waymo,kv/waymo_moving_diff2,19,1552440205.162607,0,6,9,1,1,3081,433.265625,,433.265625,21130.612411,21.629887,22.083984,972.468750,0.000000,1.956140,3.268561,16,102.126,250.209,63.913
Waymo,kv/waymo_moving_diff2,20,1552440205.562555,0,8,11,1,1,3083,433.546875,,433.546875,21130.612411,21.629887,22.083984,972.468750,0.000000,1.957410,3.520617,16,106.462,264.575,63.947
Waymo,kv/waymo_moving_diff2,21,1552440205.962419,0,6,9,1,1,3081,433.265625,,433.265625,21130.612411,21.629887,22.083984,972.468750,0.000000,1.956140,3.263306,16,102.750,250.336,63.913
Waymo,kv/waymo_moving_diff2,22,1552440206.362294,0,9,12,1,1,3084,433.687500,,433.687500,21130.612411,21.629887,22.083984,972.468750,0.000000,1.958045,3.666330,16,108.911,273.337,63.964
Waymo,kv/waymo_moving_diff2,23,1552440206.762344,0,6,9,1,1,3081,433.265625,,433.265625,21130.612411,21.629887,22.083984,972.468750,0.000000,1.956140,3.337728,16,104.469,253.903,63.913
Waymo,kv/waymo_moving_diff2,24,1552440207.162441,0,10,13,1,1,3085,433.828125,,433.828125,21130.612411,21.629887,22.083984,972.468750,0.000000,1.958680,3.817373,16,111.464,281.350,63.981
Waymo,kv/waymo_moving_diff2,25,1552440207.562568,0,20,23,1,1,3095,435.234375,,435.234375,21130.612411,21.629887,22.083984,972.468750,0.000000,1.965029,4.984529,16,133.708,350.931,64.152
Waymo,kv/waymo_moving_diff2,26,1552440208.162619,0,6,9,1,1,3081,433.265625,,433.265625,21130.612411,21.629887,22.083984,972.468750,0.000000,1.956140,3.350672,16,102.693,253.639,63.913
Waymo,kv/waymo_moving_diff2,27,1552440208.562580,0,6,9,1,1,3081,433.265625,,433.265625,21130.612411,21.629887,22.083984,972.468750,0.000000,1.956140,3.344647,16,103.397,254.482,63.913
Waymo,kv/waymo_moving_diff2,28,1552440208.962571,0,6,9,1,1,3081,433.265625,,433.265625,21130.612411,21.629887,22.083984,972.468750,0.000000,1.956140,3.347596,16,103.009,253.353,63.913
Waymo,kv/waymo_moving_diff2,29,1552440209.362568,0,20,23,1,1,3095,435.234375,,435.234375,21130.612411,21.629887,22.083984,972.468750,0.000000,1.965029,4.982197,16,131.275,351.263,64.152
Waymo,kv/waymo_moving_diff2,30,1552440209.962528,0,10,13,1,1,3085,433.828125,,433.828125,21130.612411,21.629887,22.083984,972.468750,0.000000,1.958680,3.784114,16,110.600,279.494,63.981
Waymo,kv/waymo_moving_diff2,31,1552440210.362521,0,10,13,1,1,3085,433.828125,,433.828125,21130.612411,21.629887,22.083984,972.468750,0.000000,1.958680,3.768401,16,113.385,280.058,63.981
Waymo,kv/waymo_moving_diff2,32,1552440210.762518,0,9,12,1,1,3084,433.687500,,433.687500,21130.612411,21.629887,22.083984,972.468750,0.000000,1.958045,3.690253,16,111.634,274.981,63.964
Waymo,kv/waymo_moving_diff2,33,1552440211.162579,0,6,9,1,1,3081,433.265625,,433.265625,21130.612411,21.629887,22.083984,972.468750,0.000000,1.956140,3.344173,16,105.162,253.882,63.913
Waymo,kv/waymo_moving_diff2,34,1552440211.562545,0,9,12,1,1,3084,433.687500,,433.687500,21130.612411,21.629887,22.083984,972.468750,0.000000,1.958045,3.708235,16,109.939,275.942,63.964
Waymo,kv/waymo_moving_diff2,35,1552440211.962557,0,7,10,1,1,3082,433.406250,,433.406250,21130.612411,21.629887,22.083984,972.468750,0.000000,1.956775,3.471190,16,107.478,261.688,63.930
Waymo,kv/waymo_moving_diff2,36,1552440212.362571,0,6,9,1,1,3081,433.265625,,433.265625,21130.612411,21.629887,22.083984,972.468750,0.000000,1.956140,3.344191,16,103.912,254.882,63.913
Waymo,kv/waymo_moving_diff2,37,1552440212.762544,0,6,9,1,1,3081,433.265625,,433.265625,21130.612411,21.629887,22.083984,972.468750,0.000000,1.956140,3.351747,16,103.839,254.082,63.913
Waymo,kv/waymo_moving_diff2,38,1552440213.162514,0,6,9,1,1,3081,433.265625,,433.265625,21130.612411,21.629887,22.083984,972.468750,0.000000,1.956140,3.359113,16,104.311,255.176,63.913
Waymo,kv/waymo_moving_diff2,39,1552440213.562524,0,7,10,1,1,3082,433.406250,,433.406250,21130.612411,21.629887,22.083984,972.468750,0.000000,1.956775,3.393893,16,104.765,258.531,63.930
Waymo,kv/waymo_moving_diff2,40,1552440213.962499,0,6,9,1,1,3081,433.265625,,433.265625,21130.612411,21.629887,22.083984,972.468750,0.000000,1.956140,3.310950,16,103.523,254.808,63.913
Waymo,kv/waymo_moving_diff2,41,1552440214.362535,0,10,13,1,1,3085,433.828125,,433.828125,21130.612411,21.629887,22.083984,972.468750,0.000000,1.958680,3.767820,16,111.671,280.475,63.981
Waymo,kv/waymo_moving_diff2,42,1552440214.762521,0,6,9,1,1,3081,433.265625,,433.265625,21130.612411,21.629887,22.083984,972.468750,0.000000,1.956140,3.002701,16,100.712,241.462,63.913
