run,max_gen_len,diff_steps,rate,n_inferences,camera_counts,camera_clean,trajectory_messages,wall_span_s,sim_span_s,wall_inference_fps,sim_inference_fps,wall_interval_mean_s,wall_interval_median_s,sim_interval_mean_s,sim_interval_median_s,model_duration_mean_s,model_duration_std_s,odom_minus_camera_stamp_mean_s,odom_minus_camera_stamp_median_s,odom_minus_camera_stamp_min_s,odom_minus_camera_stamp_max_s,camera_staleness_max_s
diffusion_matched/mcity_diff10,64,10,0.5,131,2648,1,131,516.000195,255.778068,0.251938,0.508253,3.969232,3.999967,1.967524,1.999983,2.642695,1.120464,-0.065562,-0.044623,-2.296387,0.016549,0.000000
diffusion_matched/mcity_diff2,64,2,0.5,200,2648,1,200,516.000147,255.778068,0.385659,0.778018,2.592966,2.000066,1.285317,1.000067,2.005051,0.960682,-0.062197,-0.041462,-2.296387,0.022934,0.000000
diffusion_matched/mcity_diff5,64,5,0.5,156,2649,1,156,514.000181,255.778068,0.301556,0.605994,3.316130,3.999838,1.650181,1.960094,2.260104,0.868138,-0.056904,-0.046479,-1.197754,0.016549,0.000000
diffusion_matched/waymo_diff10,64,10,0.1,43,198/198/199/198,0,43,180.999948,18.100556,0.232044,2.320371,4.309523,4.000026,0.430966,0.400010,3.663004,0.946363,0.000000,0.000000,0.000000,0.000000,0.000000
diffusion_matched/waymo_diff2,64,2,0.1,45,199/199/199/199,1,45,182.000014,18.200468,0.241758,2.417520,4.136364,4.000031,0.413647,0.400015,3.551934,0.296209,0.000000,0.000000,0.000000,0.000000,0.000000
diffusion_matched/waymo_diff5,64,5,0.1,46,199/199/199/199,1,46,181.000231,18.100450,0.248618,2.486126,4.022227,4.000000,0.402232,0.400009,3.498267,0.585714,0.000000,0.000000,0.000000,0.000000,0.000000
exp/diff10,64,10,0.1,12,,,,110.000047,11.000009,0.100000,0.999999,10.000004,10.000014,1.000001,0.999996,4.423112,0.600578,,,,,
exp/diff2,64,2,0.1,12,,,,109.999861,11.000009,0.100000,0.999999,9.999987,10.000008,1.000001,0.999996,3.749009,0.621209,,,,,
exp/diff5,64,5,0.1,12,,,,110.000300,11.000009,0.100000,0.999999,10.000027,10.000032,1.000001,0.999996,3.978312,0.614885,,,,,
exp/tok16,16,5,0.1,12,,,,109.999984,11.000009,0.100000,0.999999,9.999999,9.999989,1.000001,0.999996,3.945525,0.423549,,,,,
exp/tok32,32,5,0.1,12,,,,110.000004,11.000009,0.100000,0.999999,10.000000,9.999986,1.000001,0.999996,3.947020,0.609388,,,,,
exp/tok64,64,5,0.1,12,,,,110.000039,11.000009,0.100000,0.999999,10.000004,10.000029,1.000001,0.999996,4.187127,0.688648,,,,,
exp_clean/tok16,16,5,0.1,12,199/193/179/199,0,12,109.999984,11.000009,0.100000,0.999999,9.999999,10.000021,1.000001,0.999996,3.957509,0.353724,,,,,
exp_clean/tok32,32,5,0.1,12,199/187/172/199,0,12,110.000051,11.000009,0.100000,0.999999,10.000005,9.999944,1.000001,0.999996,3.962513,0.607248,,,,,
exp_clean/tok64,64,5,0.1,12,199/187/180/198,0,12,109.999779,11.000009,0.100000,0.999999,9.999980,9.999997,1.000001,0.999996,4.006500,0.625060,,,,,
exp_eval/moving_diff2,64,2,0.1,46,199/199/199/199,1,46,180.999962,18.100450,0.248619,2.486126,4.022221,3.999988,0.402232,0.400011,3.452540,0.316321,0.000000,0.000000,0.000000,0.000000,0.000000
frame_trace_0p1_loki,16,2,0.1,29,199/199/199/199,1,29,117.000131,11.700012,0.239316,2.393160,4.178576,4.000042,0.417858,0.400007,3.544385,0.326971,-0.399998,-0.400005,-0.400129,-0.399864,0.000000
frame_trace_loki,16,2,0.1,12,199/199/199/199,1,12,110.000007,11.000009,0.100000,0.999999,10.000001,9.999998,1.000001,0.999996,3.655931,0.353700,-0.399997,-0.399999,-0.400100,-0.399864,0.000000
kv/mcity_diff2,64,2,0.5,137,2649,1,137,516.000231,255.778068,0.263566,0.531711,3.794119,3.999960,1.880721,1.999931,2.557735,1.073850,-0.063856,-0.043934,-2.296387,0.019257,0.000000
kv/waymo_moving_diff2,64,2,0.1,43,199/199/199/199,1,43,178.999933,17.900453,0.234637,2.346309,4.261903,4.000022,0.426201,0.400014,3.657238,0.584836,0.000000,0.000000,0.000000,0.000000,0.000000
mcity_top_level,,,,133,,,,516.000302,255.778068,0.255814,0.516072,3.909093,3.999987,1.937713,2.000008,2.640006,0.925138,,,,,
nav_continue_straight_loki,16,2,0.1,19,199/199/199/199,1,19,112.999922,11.299993,0.159292,1.592921,6.277773,6.000082,0.627777,0.600016,5.909764,0.349845,-0.399997,-0.400007,-0.400091,-0.399864,0.000000
nav_pub_stop_red_loki,16,2,0.1,18,199/199/199/199,1,18,110.999954,11.099968,0.153153,1.531536,6.529409,6.999851,0.652939,0.699756,6.005253,0.365968,-0.399999,-0.400008,-0.400091,-0.399864,0.000000
precision/mcity_bf16,64,2,0.5,175,2649,1,175,516.000106,255.778068,0.337209,0.680277,2.965518,2.000098,1.469989,1.020028,2.183838,1.119265,-0.064511,-0.042629,-2.296387,0.019257,0.000000
precision/mcity_fp16,64,2,0.5,77,2649,1,77,514.000355,255.778068,0.147860,0.297133,6.763163,6.000027,3.365501,2.999980,5.828159,2.373429,-0.055962,-0.041017,-1.197754,0.016029,0.000000
precision/waymo_bf16,64,2,0.1,46,199/199/199/199,1,46,179.999953,18.000465,0.250000,2.499935,3.999999,3.999998,0.400010,0.400012,3.479893,0.307970,0.000000,0.000000,0.000000,0.000000,0.000000
precision/waymo_fp16,64,2,0.1,26,199/199/199/199,1,26,182.000076,18.200468,0.137363,1.373591,7.280003,6.000310,0.728019,0.600082,6.715914,3.992450,0.000000,0.000000,0.000000,0.000000,0.000000
precision_default/mcity_bf16,64,5,0.5,163,2649,1,163,516.000153,255.778068,0.313953,0.633362,3.185186,2.000246,1.578877,1.040031,2.333950,1.052707,-0.067647,-0.044623,-2.296387,0.022934,0.000000
precision_default/mcity_fp16,64,5,0.5,73,2649,1,73,514.000074,255.778068,0.140078,0.281494,7.138890,6.000006,3.552473,3.000005,6.211707,2.770051,-0.057187,-0.038453,-1.297211,0.022934,0.000000
precision_default/waymo_bf16,64,5,0.1,41,199/199/199/199,1,41,181.999986,18.200468,0.219780,2.197746,4.550000,4.000250,0.455012,0.400161,4.009518,0.621427,0.000000,0.000000,0.000000,0.000000,0.000000
precision_default/waymo_fp16,64,5,0.1,23,199/199/199/199,1,23,179.000023,17.900453,0.122905,1.229019,8.136365,7.000003,0.813657,0.699978,7.530898,4.213797,0.001087,0.000000,0.000000,0.099979,0.000000
top_level,,,,25,,,,241.657924,19.199913,0.099314,1.250006,10.069080,9.000165,0.799996,0.900034,9.575266,2.121992,,,,,
traj_samples/mcity_k1,64,2,0.5,196,2649,1,196,516.000104,255.778068,0.377907,0.762380,2.646154,2.000034,1.311682,1.019864,2.039771,1.094007,-0.062800,-0.043377,-2.296387,0.019012,0.000000
traj_samples/mcity_k2,64,2,0.5,120,2649,1,120,516.000065,255.778068,0.230620,0.465247,4.336135,4.000030,2.149396,2.019909,3.084887,1.495503,-0.075707,-0.043733,-2.296387,0.016549,0.000000
traj_samples/mcity_k4,64,2,0.5,97,2649,1,97,515.999964,255.778068,0.186047,0.375325,5.375000,4.000087,2.664355,2.020051,4.482037,1.691021,-0.069479,-0.041017,-2.296387,0.020166,0.000000
traj_samples/waymo_k1,64,2,0.1,46,199/199/199/199,1,46,180.000028,18.000465,0.250000,2.499935,4.000001,3.999990,0.400010,0.400010,3.495921,0.344701,-0.003804,0.000000,-0.199962,0.099943,0.000000
traj_samples/waymo_k2,64,2,0.1,34,199/199/199/198,0,34,176.999873,17.700546,0.186441,1.864349,5.363633,5.000024,0.536380,0.499990,4.803463,1.244705,0.000000,0.000000,0.000000,0.000000,0.000000
traj_samples/waymo_k4,64,2,0.1,22,199/199/199/199,1,22,179.000140,17.900453,0.117318,1.173155,8.523816,8.000002,0.852403,0.800026,8.010702,1.142797,0.000000,0.000000,0.000000,0.000000,0.000000
traj_samples_default/mcity_k1,64,5,0.5,185,2649,1,185,516.000037,255.778068,0.356589,0.719374,2.804348,2.000067,1.390098,1.019976,2.159521,0.977851,-0.065579,-0.045185,-2.296387,0.016549,0.000000
traj_samples_default/mcity_k2,64,5,0.5,55,2649,1,55,250.000109,124.999119,0.216000,0.432003,4.629632,4.000085,2.314799,2.019912,3.261891,1.545120,-0.047506,-0.041996,-0.120170,0.016029,0.000000
traj_samples_default/mcity_k4,64,5,0.5,89,2649,1,89,513.999927,255.778068,0.171206,0.344048,5.840908,5.999885,2.906569,2.960054,4.903069,1.876212,-0.055984,-0.039313,-1.297211,0.016029,0.000000
traj_samples_default/waymo_k1,64,5,0.1,53,199/199/199/199,1,53,181.000383,18.100450,0.287292,2.872857,3.480777,3.000315,0.348086,0.300053,3.009589,0.390388,0.000000,0.000000,0.000000,0.000000,0.000000
traj_samples_default/waymo_k2,64,5,0.1,35,199/199/199/199,1,35,178.999999,17.900453,0.189944,1.899393,5.264706,5.000018,0.526484,0.500015,4.661924,0.883830,0.000714,0.000000,0.000000,0.100013,0.000000
traj_samples_default/waymo_k4,64,5,0.1,21,199/199/199/199,1,21,180.999956,18.100450,0.110497,1.104945,9.049998,8.999925,0.905023,0.899985,8.473835,1.168175,0.000000,0.000000,0.000000,0.000000,0.000000
