clip_id,t0_us,chunk,a_v1_5_cot,b_v2_cot,tfidf_cosine,bert_cosine,a_v1_5_min_ade_m,b_v2_min_ade_m,a_v1_5_min_fde_m,b_v2_min_fde_m,a_v1_5_duration_sec,b_v2_duration_sec,a_v1_5_prefill_tokens,b_v2_prefill_tokens,a_v1_5_generated_tokens,b_v2_generated_tokens
5fa56c61-e8ed-4c0b-95dd-3e15c40d9f78,5100000,chunk_0251,Slow down due to the stopped lead vehicle blocking the lane,Decelerate to a stop due to the lead vehicle blocking the lane,0.45339122606577825,0.81606895,1.0364,1.3459,1.5057,2.0897,5.289,22.925,3073,4580,14,14
5fa56c61-e8ed-4c0b-95dd-3e15c40d9f78,6100000,chunk_0251,Yield due to workers blocking the lane ahead,Slow down due to a stopped garbage truck blocking the lane,0.17270867426612657,0.5019599,0.4087,0.6706,0.6783,0.7151,4.389,17.722,3073,4580,12,11
5fa56c61-e8ed-4c0b-95dd-3e15c40d9f78,7100000,chunk_0251,Slow down due to the stopped lead vehicle blocking the lane,Slow to a stop due to the lead vehicle blocking the lane.,0.5177191846930842,0.8930365,0.4276,0.1286,0.7534,0.1203,4.605,19.131,3073,4580,14,13
5fa56c61-e8ed-4c0b-95dd-3e15c40d9f78,8100000,chunk_0251,Yield to the stopped lead vehicle blocking the lane,Yield due to a worker blocking the lane ahead,0.29012164425859455,0.7264421,0.1237,0.0871,0.2705,0.252,4.477,17.413,3073,4580,13,10
5fa56c61-e8ed-4c0b-95dd-3e15c40d9f78,9100000,chunk_0251,Slow to a stop due to the lead vehicle blocking the lane,Yield due to a worker standing behind the truck blocking the lane,0.17498842058281103,0.4728713,0.0247,0.031,0.0161,0.1177,4.729,18.909,3073,4580,15,13
5fa56c61-e8ed-4c0b-95dd-3e15c40d9f78,10100000,chunk_0251,Stop due to the stationary truck blocking the lane,Yield due to the worker standing in the lane ahead,0.12813012557805767,0.48959446,0.0075,0.0025,0.0132,0.0128,4.39,17.852,3073,4580,12,11
5fa56c61-e8ed-4c0b-95dd-3e15c40d9f78,11100000,chunk_0251,Slow down due to the stopped lead vehicle blocking the lane,Yield due to a worker standing in the lane ahead,0.124027730726224,0.42200166,0.0061,0.0188,0.0199,0.0539,4.609,18.026,3073,4580,14,11
5fa56c61-e8ed-4c0b-95dd-3e15c40d9f78,12100000,chunk_0251,Stop due to the lead vehicle blocking the lane,Stop due to red traffic light,0.2707773968565075,0.5438286,0.0059,0.008,0.0161,0.0261,4.391,14.738,3073,4580,12,6
5fa56c61-e8ed-4c0b-95dd-3e15c40d9f78,13100000,chunk_0251,Stop due to the stopped lead vehicle blocking the lane,Yield due to a worker in the lane ahead.,0.15560123468240242,0.4496727,0.0041,0.0521,0.0118,0.4722,4.493,17.267,3073,4580,13,11
5fa56c61-e8ed-4c0b-95dd-3e15c40d9f78,14100000,chunk_0251,Yield due to a worker blocking the lane ahead,Yield due to a worker blocking the lane ahead,1.0,1.0,0.0039,0.0006,0.0119,0.0029,4.487,16.846,3073,4580,13,10
5fa56c61-e8ed-4c0b-95dd-3e15c40d9f78,15100000,chunk_0251,Yield due to a worker blocking the lane ahead,Yield due to a worker blocking the lane ahead,1.0,1.0,0.0019,0.0006,0.003,0.002,4.513,16.674,3073,4580,13,10
5fa56c61-e8ed-4c0b-95dd-3e15c40d9f78,16100000,chunk_0251,Stop due to the stopped lead vehicle blocking the lane,Stop due to a stopped lead vehicle blocking the lane.,0.8340631682520668,0.9520806,0.0016,0.0026,0.0053,0.0049,4.506,18.526,3073,4580,13,11
5fa56c61-e8ed-4c0b-95dd-3e15c40d9f78,17100000,chunk_0251,Yield to the stopped truck blocking the lane,Yield due to a worker blocking the lane ahead,0.27298757561721276,0.7529769,0.0003,0.0025,0.0004,0.0133,4.394,17.183,3073,4580,12,10
5fa56c61-e8ed-4c0b-95dd-3e15c40d9f78,18100000,chunk_0251,Stop due to the stopped lead vehicle blocking the lane,Stop due to the stopped lead vehicle blocking the lane.,1.0,0.93259907,0.0002,0.0008,0.0002,0.0028,4.501,17.663,3073,4580,13,11
5fa56c61-e8ed-4c0b-95dd-3e15c40d9f78,19100000,chunk_0251,Yield due to a stopped truck blocking the lane,Yield due to workers blocking the lane ahead,0.30465443840012224,0.76829004,0.0003,0.0003,0.0005,0.0009,4.504,16.513,3073,4580,13,9
e0772c6e-1524-494f-b16f-84ca1a700a7b,5100000,chunk_0251,Yield due to a pedestrian walking in our lane ahead,Slow down due to the work zone speed limit ahead,0.04410894563065191,0.15823817,1.059,0.5856,4.5052,3.2899,4.606,16.81,3073,4580,14,10
e0772c6e-1524-494f-b16f-84ca1a700a7b,6100000,chunk_0251,Slow down to yield to the cut-in vehicle from the right since it is entering our lane ahead,Slow down due to lane narrowing at the construction zone ahead,0.1007744406338056,0.63439083,0.8325,1.3064,4.2556,6.0453,5.519,17.362,3073,4580,22,11
e0772c6e-1524-494f-b16f-84ca1a700a7b,7100000,chunk_0251,Adapt speed for the narrow construction zone since the lane is constricted ahead,Slow down due to a lane narrowing from roadwork ahead,0.016852616523145743,0.57445824,2.405,1.9205,8.3201,6.9439,5.07,17.389,3073,4580,18,11
e0772c6e-1524-494f-b16f-84ca1a700a7b,8100000,chunk_0251,Nudge to the left to clear the stopped vehicle blocking the right side of our lane,Slow down due to lane narrowing from road construction ahead,0.017876513387770236,0.4223924,3.935,2.8416,10.4562,8.0694,5.318,16.876,3073,4580,20,10
e0772c6e-1524-494f-b16f-84ca1a700a7b,9100000,chunk_0251,Adapt speed for the right curve since the lane is narrowed by construction barriers ahead,Adapt speed for the narrow construction lane because roadside barriers restrict clearance.,0.29263733488737864,0.80132776,2.5436,3.1324,6.6157,8.2802,5.237,18.782,3073,4580,19,14
e0772c6e-1524-494f-b16f-84ca1a700a7b,10100000,chunk_0251,Reduce speed due to construction narrowing our lane,Keep at the center of the lane to continue driving.,0.01587743651735362,0.49381456,2.4245,0.7807,8.2976,3.1383,4.271,17.43,3073,4580,11,11
e0772c6e-1524-494f-b16f-84ca1a700a7b,11100000,chunk_0251,Keep lane since the lane is narrowed by construction barriers during this period,Slow down due to speed bumps ahead,0.0,0.18300024,0.3819,2.6295,0.3952,8.0187,4.843,15.149,3073,4580,16,7
e0772c6e-1524-494f-b16f-84ca1a700a7b,12100000,chunk_0251,Nudge left due to the construction barrier blocking the right side of our lane,Nudge left to avoid the construction barrier on the right side,0.5406011907865099,0.8246361,1.0531,1.1691,3.2505,3.4253,5.069,16.66,3073,4580,18,12
e0772c6e-1524-494f-b16f-84ca1a700a7b,13100000,chunk_0251,Nudge to the left to clear the construction dumpster blocking the right side of the lane,Nudge left to pass the dumpster obstructing the lane.,0.2512943641363742,0.755226,3.8871,2.6115,7.5798,6.2077,5.309,14.618,3073,4580,20,12
e0772c6e-1524-494f-b16f-84ca1a700a7b,14100000,chunk_0251,Slow down due to lane narrowing from roadwork ahead,Nudge left to pass the dumpster blocking part of the lane.,0.015132596402350056,0.28888252,2.5895,0.2728,4.1408,1.455,4.498,14.789,3073,4580,13,13
e0772c6e-1524-494f-b16f-84ca1a700a7b,15100000,chunk_0251,Yield to the cross-traffic vehicle since it is crossing ahead of our lane,Slow down due to speed bumps ahead,0.01453288928714179,0.30303907,0.6063,1.7414,0.9705,3.7268,5.185,12.181,3073,4580,19,7
e0772c6e-1524-494f-b16f-84ca1a700a7b,16100000,chunk_0251,Slow down to maintain safe distance to the stopped vehicle blocking the lane ahead,Maintain low speed due to lane narrowing from construction barriers,0.06202113133068614,0.5955019,2.8195,0.969,3.6856,0.6541,4.963,12.725,3073,4580,17,11
e0772c6e-1524-494f-b16f-84ca1a700a7b,17100000,chunk_0251,Slow down due to the narrowed lane at a work zone,Slow down due to lane narrowing from construction barriers ahead,0.16725713543180326,0.6768912,3.0978,2.4936,7.0763,6.5244,4.584,12.1,3073,4580,14,10
e0772c6e-1524-494f-b16f-84ca1a700a7b,18100000,chunk_0251,Nudge to the left to clear the construction dumpster blocking the right side of our lane,Slow down due to barricades narrowing the lane ahead,0.03205748273284922,0.42311463,1.2556,1.3758,3.0882,2.5864,5.292,11.978,3073,4580,20,10
e0772c6e-1524-494f-b16f-84ca1a700a7b,19100000,chunk_0251,Nudge to the left to clear the construction barricades blocking the right side of our lane,Nudge left to avoid the construction barriers intruding into the lane,0.22246420859856184,0.7809245,0.6528,0.5123,1.6804,0.2475,5.377,13.055,3073,4580,21,13
594d2c54-ca9a-4bda-be8e-532b2fc359fb,5100000,chunk_0251,Stop for the red traffic light since it is red,Stop because of red traffic light,0.32257033669141255,0.95584446,0.6381,1.4334,2.0478,4.0428,4.499,11.102,3073,4580,13,6
594d2c54-ca9a-4bda-be8e-532b2fc359fb,6100000,chunk_0251,Stop for the red traffic light ahead,Stop due to red traffic light at the intersection,0.2891194791313757,0.87250173,0.7394,0.5329,1.976,1.4055,4.153,11.766,3073,4580,10,9
594d2c54-ca9a-4bda-be8e-532b2fc359fb,7100000,chunk_0251,Stop due to red traffic light,Stop because of red traffic light,0.4727932376023827,0.97883594,0.9279,0.916,1.044,0.9662,4.042,10.875,3073,4580,9,6
594d2c54-ca9a-4bda-be8e-532b2fc359fb,8100000,chunk_0251,Stop due to a red traffic light,Stop because of red traffic light,0.4727932376023827,0.9778602,0.7453,0.1923,1.6316,0.3745,4.148,10.917,3073,4580,10,6
594d2c54-ca9a-4bda-be8e-532b2fc359fb,9100000,chunk_0251,Stop at the stop line since the straight traffic light is red,Stop for the red traffic light.,0.2084915985716619,0.8191391,0.6764,0.962,0.0669,1.5241,4.71,10.973,3073,4580,15,7
594d2c54-ca9a-4bda-be8e-532b2fc359fb,10100000,chunk_0251,Stop for the red traffic light since the signal is red,Stop at the stop line because the traffic light is red.,0.2586235466619392,0.8788179,0.572,0.4535,0.8429,0.5132,4.622,12.409,3073,4580,14,12
594d2c54-ca9a-4bda-be8e-532b2fc359fb,11100000,chunk_0251,Stop due to red traffic light,Stop because of red traffic light,0.4727932376023827,0.97883594,0.3031,0.0947,0.2616,0.2602,4.038,10.511,3073,4580,9,6
594d2c54-ca9a-4bda-be8e-532b2fc359fb,12100000,chunk_0251,Stop since the traffic light is red,Stop because of red traffic light,0.27534861032228697,0.9652972,0.4893,0.0885,0.8534,0.233,4.154,10.628,3073,4580,10,6
594d2c54-ca9a-4bda-be8e-532b2fc359fb,13100000,chunk_0251,Stop due to red traffic light,Stop due to red traffic light.,1.0,0.93517846,0.0691,0.1006,0.1783,0.1744,4.042,10.951,3073,4580,9,7
594d2c54-ca9a-4bda-be8e-532b2fc359fb,14100000,chunk_0251,Stop due to red traffic light,Stop due to red traffic light.,1.0,0.93517846,0.0199,0.0617,0.0473,0.1291,4.046,10.598,3073,4580,9,7
594d2c54-ca9a-4bda-be8e-532b2fc359fb,15100000,chunk_0251,Brake to a stop due to the red traffic light,Stop due to red traffic light.,0.555547203348091,0.7960745,0.0026,0.0017,0.0048,0.0049,4.566,11.049,3073,4580,14,7
594d2c54-ca9a-4bda-be8e-532b2fc359fb,16100000,chunk_0251,Stop due to red traffic light,Stop because of red traffic light.,0.4727932376023827,0.9107218,0.0154,0.0008,0.1518,0.0001,4.059,10.67,3073,4580,9,7
594d2c54-ca9a-4bda-be8e-532b2fc359fb,17100000,chunk_0251,Stop for the red traffic light,Stop due to red traffic light.,0.47035048920331984,0.93869245,0.0011,0.0032,0.002,0.0057,4.033,10.906,3073,4580,9,7
594d2c54-ca9a-4bda-be8e-532b2fc359fb,18100000,chunk_0251,Stop for the red traffic light since the signal is red,Stop because of red traffic light.,0.2811005398945715,0.8868892,0.0004,0.0018,0.0012,0.0045,4.606,10.76,3073,4580,14,7
594d2c54-ca9a-4bda-be8e-532b2fc359fb,19100000,chunk_0251,Stop at the stop line since the traffic light is red,Stop because of red traffic light ahead.,0.1940769024070967,0.84476155,0.0001,0.0005,0.0,0.001,4.631,11.292,3073,4580,14,8
4f7b34b6-87e5-4cf9-a790-a691a15d9e95,5100000,chunk_0251,Accelerate to proceed through the intersection since the straight traffic light is green,Accelerate to proceed through the intersection since the straight traffic light is green.,1.0000000000000007,0.969242,0.4707,1.1176,0.3847,3.7303,4.975,13.501,3073,4580,17,15
4f7b34b6-87e5-4cf9-a790-a691a15d9e95,6100000,chunk_0251,Nudge left due to construction barricades blocking the right side of our lane,Keep speed through the intersection since the traffic light is green.,0.008527454589018314,0.3540777,0.6263,1.1406,1.8485,3.3679,5.074,12.298,3073,4580,18,12
4f7b34b6-87e5-4cf9-a790-a691a15d9e95,7100000,chunk_0251,Keep lane since the lane is clear,Keep speed through the intersection since the traffic light is green.,0.16595967446049353,0.47006804,1.3947,1.2605,2.3586,2.8958,4.168,12.484,3073,4580,10,12
4f7b34b6-87e5-4cf9-a790-a691a15d9e95,8100000,chunk_0251,Maintain speed due to a clear lane with no lead vehicle ahead,Keep at the center of the lane to continue driving. No critical agent need special attention.,0.05982634717409345,0.5298004,0.6284,0.3866,2.5099,0.6942,4.867,14.192,3073,4580,16,18
4f7b34b6-87e5-4cf9-a790-a691a15d9e95,9100000,chunk_0251,Nudge to the left to clear the right side work zone barrier,Keep lane because the lane ahead is clear.,0.06374223419730225,0.32084683,1.1775,1.787,3.9682,5.8859,4.85,11.369,3073,4580,16,9
4f7b34b6-87e5-4cf9-a790-a691a15d9e95,10100000,chunk_0251,Keep lane since the path is clear ahead.,Maintain speed due to clear lane ahead,0.1080962753786161,0.7857907,1.5387,1.4517,5.0537,4.7671,4.39,10.908,3073,4580,12,8
4f7b34b6-87e5-4cf9-a790-a691a15d9e95,11100000,chunk_0251,Keep distance to the cut-in vehicle since it merges into our lane ahead,Keep lane because the lane ahead is clear.,0.10552896796547098,0.6246581,1.5465,1.3183,6.2548,5.3971,4.952,11.404,3073,4580,17,9
4f7b34b6-87e5-4cf9-a790-a691a15d9e95,12100000,chunk_0251,Keep distance to the lead vehicle since it is directly ahead in our lane,Keep at the center of the lane to continue driving since no critical component affects the lane ahead.,0.07169854856482852,0.57964635,0.6357,1.6652,3.5123,5.6348,4.975,14.434,3073,4580,17,19
4f7b34b6-87e5-4cf9-a790-a691a15d9e95,13100000,chunk_0251,Keep distance to the lead vehicle since it is directly ahead in our lane,Keep at the center of the lane because no immediate obstacle requires action.,0.037262521508425316,0.5739456,0.1938,0.1965,0.3465,0.4073,4.955,12.977,3073,4580,17,14
4f7b34b6-87e5-4cf9-a790-a691a15d9e95,14100000,chunk_0251,Keep distance to the lead vehicle since it is directly ahead in our lane,Keep distance to the lead vehicle because traffic ahead slows.,0.27298931464805454,0.8619796,2.3947,1.1076,5.4158,2.6979,4.944,12.125,3073,4580,17,11
4f7b34b6-87e5-4cf9-a790-a691a15d9e95,15100000,chunk_0251,Decelerate to maintain a safe distance to the lead vehicle since it is directly ahead in our lane,Maintain a safe distance from the lead vehicle ahead.,0.4315028615087908,0.7596757,0.4393,0.413,1.5892,2.0059,5.655,12.023,3073,4580,23,11
4f7b34b6-87e5-4cf9-a790-a691a15d9e95,16100000,chunk_0251,Keep distance to the lead vehicle since it is directly ahead in our lane and moving slowly,Decelerate to maintain a safe distance from the lead vehicle.,0.10908793906046171,0.6040436,0.8377,0.8734,2.2753,1.7469,5.319,12.688,3073,4580,20,13
4f7b34b6-87e5-4cf9-a790-a691a15d9e95,17100000,chunk_0251,Adapt speed to maintain a safe distance from the lead vehicle since it is slowing ahead in our lane,Decelerate to maintain a safe distance from the lead vehicle.,0.5658001244792128,0.57993066,0.2867,0.3773,0.5214,0.7444,5.63,12.655,3073,4580,23,13
4f7b34b6-87e5-4cf9-a790-a691a15d9e95,18100000,chunk_0251,Keep distance to the lead vehicle since it is directly ahead in our lane,Keep distance to the lead vehicle because it slows ahead.,0.3247011025495762,0.8377096,0.7161,0.1297,2.1239,0.0236,4.939,11.858,3073,4580,17,11
4f7b34b6-87e5-4cf9-a790-a691a15d9e95,19100000,chunk_0251,Keep distance to the lead vehicle since it is slowing ahead,Decelerate to maintain a safe distance from the lead vehicle ahead.,0.16562432218349799,0.659968,0.0483,0.0679,0.1511,0.3235,4.616,13.163,3073,4580,14,14
40a11a64-aed4-49c1-b747-b3befdcd708d,5100000,chunk_0270,Match speed due to the lead vehicle ahead,Accelerate gently due to the lead vehicle increasing speed,0.21082715501549243,0.57986087,13.1225,12.5761,33.6132,31.8675,4.991,19.512,3073,4580,11,10
40a11a64-aed4-49c1-b747-b3befdcd708d,6100000,chunk_0270,Stop to yield to pedestrians walking across the crosswalk ahead,Stop to yield to the pedestrians crossing the crosswalk ahead.,0.5245768945677862,0.95665544,0.1862,1.8215,1.1445,8.0861,4.654,20.346,3073,4580,14,12
40a11a64-aed4-49c1-b747-b3befdcd708d,7100000,chunk_0270,,Stop to yield to the pedestrians crossing the crosswalk ahead.,0.0,0.14749849,6.7692,0.2968,16.9617,1.1817,10.483,18.761,3073,4580,64,12
40a11a64-aed4-49c1-b747-b3befdcd708d,8100000,chunk_0270,"Stop to yield to the pedestrians crossing into our lane ahead, as they begin entering from the right and/ aligned with our forward path, blocking our way forward towards the roadway.",Stop to yield to the pedestrians crossing the road ahead.,0.22382249333383542,0.89493597,0.2844,1.2635,2.1288,6.0672,7.46,18.034,3073,4580,38,11
40a11a64-aed4-49c1-b747-b3befdcd708d,9100000,chunk_0270,Yield to a pedestrian in the crosswalk,Yield due to pedestrians crossing the crosswalk ahead,0.21308329123750971,0.87754154,0.1538,0.626,0.4406,3.9896,4.408,17.425,3073,4580,12,10
40a11a64-aed4-49c1-b747-b3befdcd708d,10100000,chunk_0270,Yield by slowing due to pedestrians in the crosswalk,Yield due to pedestrians crossing the crosswalk,0.37894698406242316,0.9181335,1.1923,0.2902,5.3336,1.6558,4.647,16.909,3073,4580,14,9
40a11a64-aed4-49c1-b747-b3befdcd708d,11100000,chunk_0270,Yield due to a pedestrian walking across the crosswalk ahead,Yield due to pedestrians crossing the crosswalk ahead,0.3840893825699438,0.94668734,0.4213,1.1721,0.5578,3.015,4.768,17.458,3073,4580,15,10
40a11a64-aed4-49c1-b747-b3befdcd708d,12100000,chunk_0270,Stop to yield to the pedestrians in the crosswalk ahead,Stop to yield to the pedestrians crossing ahead.,0.6194221337266496,0.917186,0.6338,5.7261,3.1727,16.2144,4.623,16.844,3073,4580,14,9
40a11a64-aed4-49c1-b747-b3befdcd708d,13100000,chunk_0270,Yield to the pedestrian crossing our lane in front since a person is walking across our path between 2 and 4 seconds,Stop to yield to the pedestrians crossing the road ahead.,0.08277430230522984,0.7307689,1.781,0.5386,2.6591,0.3253,6.278,18.112,3073,4580,28,11
40a11a64-aed4-49c1-b747-b3befdcd708d,14100000,chunk_0270,Stop to yield to the pedestrian since they are crossing ahead in our lane,Stop to yield to the pedestrians crossing ahead.,0.41571654034717764,0.9082352,1.3031,0.9466,0.7463,2.1149,5.001,16.997,3073,4580,17,9
40a11a64-aed4-49c1-b747-b3befdcd708d,15100000,chunk_0270,Yield due to a pedestrian walking across the road ahead,Yield due to pedestrians crossing the crosswalk ahead,0.15915504789846627,0.8823652,0.4575,2.0598,1.8958,5.541,4.656,17.656,3073,4580,14,10
40a11a64-aed4-49c1-b747-b3befdcd708d,16100000,chunk_0270,Keep distance to the cut-in scooter since it merges into our lane ahead,Keep distance to the lead vehicle because it is directly ahead in the same lane.,0.17731614925388958,0.5403824,5.5383,3.0373,14.4321,10.3533,5.024,20.888,3073,4580,17,16
40a11a64-aed4-49c1-b747-b3befdcd708d,17100000,chunk_0270,Keep distance from the lead van since it is directly ahead in our lane,Nudge left to pass the lead vehicle ahead,0.06568737454870036,0.5923823,1.2469,2.9087,2.869,12.1596,5.015,17.187,3073,4580,17,9
40a11a64-aed4-49c1-b747-b3befdcd708d,18100000,chunk_0270,Nudge left due to the stopped van blocking the right side of our lane,Keep distance to the lead vehicle because a van ahead is slowing in the same lane.,0.09377055268920184,0.5210739,2.2965,0.9167,5.7497,2.4712,5.115,21.41,3073,4580,18,17
40a11a64-aed4-49c1-b747-b3befdcd708d,19100000,chunk_0270,Nudge left due to the van blocking the right side of our lane,Keep distance to the lead vehicle since it is slowing ahead.,0.029047947655921846,0.3429075,2.3875,1.407,4.3116,2.913,4.984,18.873,3073,4580,17,12
1de484ec-e29f-41ca-b4e8-4c91e0a1d66c,5100000,chunk_0270,Keep distance to the lead vehicle since it is slowing ahead,Slow down due to the lead vehicle stopping ahead.,0.17180540706384526,0.7768426,0.7556,2.0699,1.2458,4.6318,4.648,16.03,3073,4580,14,10
1de484ec-e29f-41ca-b4e8-4c91e0a1d66c,6100000,chunk_0270,Slow down to maintain a safe gap behind the stopped lead vehicle ahead,Slow down due to the lead vehicle stopping ahead.,0.20225382554946628,0.79474545,0.7579,0.6145,1.6563,0.387,4.871,17.017,3073,4580,16,10
1de484ec-e29f-41ca-b4e8-4c91e0a1d66c,7100000,chunk_0270,Stop to keep distance to the lead vehicle blocking the lane ahead,Stop to keep distance to the stopped lead vehicle blocking the lane.,0.828919261947163,0.91261065,0.1613,0.2386,0.1276,0.1621,4.765,17.216,3073,4580,15,13
1de484ec-e29f-41ca-b4e8-4c91e0a1d66c,8100000,chunk_0270,Yield to the pedestrian since a person is walking across the crosswalk ahead,Stop to yield to the pedestrian crossing ahead.,0.2292006276994605,0.7908859,0.319,0.5531,0.6999,2.0523,5.121,14.668,3073,4580,18,9
1de484ec-e29f-41ca-b4e8-4c91e0a1d66c,9100000,chunk_0270,Yield to the pedestrian exiting the vehicle ahead,Yield by slowing due to the pedestrian crossing ahead,0.17171145851040184,0.79896253,0.3521,1.3261,2.184,2.591,4.405,14.317,3073,4580,12,10
1de484ec-e29f-41ca-b4e8-4c91e0a1d66c,10100000,chunk_0270,Yield due to the person exiting the vehicle ahead blocking the lane,Yield due to a pedestrian exiting the vehicle ahead,0.5713986804705908,0.8445717,0.5176,0.8535,2.6373,4.1857,4.856,13.609,3073,4580,16,10
1de484ec-e29f-41ca-b4e8-4c91e0a1d66c,11100000,chunk_0270,Yield due to the stopped lead vehicle blocking our lane,Stop due to red traffic light,0.06477102953132642,0.44789022,0.7199,0.1977,3.4855,0.6452,4.662,10.566,3073,4580,14,6
1de484ec-e29f-41ca-b4e8-4c91e0a1d66c,12100000,chunk_0270,Keep distance to the lead vehicle since it is moving slowly ahead,Keep distance to the lead vehicle because it is moving slowly ahead.,0.8534013684458761,0.9488617,0.4251,2.2077,0.5026,3.85,4.776,12.893,3073,4580,15,13
1de484ec-e29f-41ca-b4e8-4c91e0a1d66c,13100000,chunk_0270,Yield to the pedestrian entering our lane ahead,Yield due to a pedestrian crossing the crosswalk ahead,0.12507118758335406,0.771306,0.3578,3.4418,1.156,7.6206,4.421,12.052,3073,4580,12,11
1de484ec-e29f-41ca-b4e8-4c91e0a1d66c,14100000,chunk_0270,Keep distance to the lead vehicle since it is directly ahead in our lane,Accelerate due to the lead vehicle moving ahead,0.15664933815198423,0.6540334,1.647,0.8382,4.1399,1.4387,5.01,11.7,3073,4580,17,9
1de484ec-e29f-41ca-b4e8-4c91e0a1d66c,15100000,chunk_0270,Yield to the lead vehicle since it is stopped ahead,Yield due to a pedestrian in the crosswalk requiring speed reduction,0.03738046967126499,0.43749547,0.4102,0.706,0.7172,2.1543,4.644,12.738,3073,4580,14,13
1de484ec-e29f-41ca-b4e8-4c91e0a1d66c,16100000,chunk_0270,Yield to cross traffic at an unsignalized intersection,Yield due to the lead vehicle ahead slowing,0.026547513525072723,0.4267,0.1535,0.7217,0.2883,2.0783,4.673,11.43,3073,4580,14,9
1de484ec-e29f-41ca-b4e8-4c91e0a1d66c,17100000,chunk_0270,Yield due to the lead vehicle stopped ahead blocking our path,Yield by slowing due to pedestrians in the crosswalk.,0.05880301430670448,0.5128764,0.0487,0.3463,0.162,1.6426,4.775,12.183,3073,4580,15,12
1de484ec-e29f-41ca-b4e8-4c91e0a1d66c,18100000,chunk_0270,,Keep distance to the lead vehicle because it is turning right ahead.,0.0,0.10107011,0.6137,0.07,1.4953,0.1901,4.65,12.482,3073,4580,14,13
1de484ec-e29f-41ca-b4e8-4c91e0a1d66c,19100000,chunk_0270,Adjust speed and keep safe distance due to the lead vehicle turning right ahead,Keep distance to the lead vehicle because it is turning right ahead.,0.39886199683287915,0.85893935,0.0431,0.0216,0.0991,0.03,5.02,12.474,3073,4580,17,13
13f0af4c-2565-4a4d-b765-7f397f1d1684,5100000,chunk_0270,Keep lane since the lane is clear,Yield to the pedestrian crossing the crosswalk ahead.,0.020413229936945356,0.28531522,2.0913,1.5388,4.5441,4.5374,4.191,11.923,3073,4580,10,11
13f0af4c-2565-4a4d-b765-7f397f1d1684,6100000,chunk_0270,Yield due to a pedestrian walking across the crosswalk ahead requiring lower speed,Yield due to a pedestrian crossing the road ahead,0.19187567177208142,0.8754871,2.1277,3.8345,3.6176,8.0672,5.136,11.515,3073,4580,18,10
13f0af4c-2565-4a4d-b765-7f397f1d1684,7100000,chunk_0270,Yield due to the pedestrian in the crosswalk,Yield due to a pedestrian crossing the road ahead,0.24368648463032636,0.87800646,1.5955,0.4424,5.4154,1.6238,4.537,11.469,3073,4580,13,10
13f0af4c-2565-4a4d-b765-7f397f1d1684,8100000,chunk_0270,"Change to the right lane and enter the side street due to crossing pedestrians ahead and roadwork narrowing, then proceed slowly past construction barriers and a slower two-wheeler after evidence supports passage.",Yield due to the pedestrian crossing the road ahead,0.056162436223309374,0.5489288,8.7185,1.8875,28.8341,7.6885,7.839,11.503,3073,4580,41,10
13f0af4c-2565-4a4d-b765-7f397f1d1684,9100000,chunk_0270,Yield to the pedestrian since a person is running across our lane ahead,Yield due to a pedestrian crossing the road ahead,0.07445932917231718,0.83288383,1.9584,1.3958,7.0785,6.5141,5.012,11.606,3073,4580,17,10
13f0af4c-2565-4a4d-b765-7f397f1d1684,10100000,chunk_0270,Keep speed through the intersection since the traffic light is green,Keep speed through the intersection since the traffic light is green.,1.0000000000000002,0.95926833,3.5791,3.122,11.7066,10.2921,4.664,12.279,3073,4580,14,12
13f0af4c-2565-4a4d-b765-7f397f1d1684,11100000,chunk_0270,Keep speed through the intersection since the traffic light is green,Keep speed through the intersection since the traffic light is green.,1.0000000000000002,0.95926833,2.908,1.6073,8.716,3.5597,4.671,12.108,3073,4580,14,12
13f0af4c-2565-4a4d-b765-7f397f1d1684,12100000,chunk_0270,Slow down due to a pedestrian walking across the crosswalk ahead,Slow down due to pedestrians crossing the crosswalk ahead,0.5082381284169083,0.9213559,1.1001,1.9297,1.982,5.9907,4.777,11.651,3073,4580,15,10
13f0af4c-2565-4a4d-b765-7f397f1d1684,13100000,chunk_0270,Yield to the pedestrian walking across the crosswalk ahead,Yield due to a pedestrian walking across the crosswalk,0.7531864870734272,0.947358,1.6451,1.0869,4.1871,1.4246,4.69,11.863,3073,4580,14,11
13f0af4c-2565-4a4d-b765-7f397f1d1684,14100000,chunk_0270,Yield by slowing due to the pedestrian in the crosswalk,Yield by slowing due to a pedestrian in the crosswalk,0.9285846397671491,0.99783975,1.7297,1.6179,5.9501,6.2109,4.812,12.176,3073,4580,15,12
13f0af4c-2565-4a4d-b765-7f397f1d1684,15100000,chunk_0270,Yield due to a pedestrian walking across our lane in the crosswalk,Yield due to a pedestrian in the crosswalk requiring speed reduction.,0.34339830572030516,0.848112,0.8145,0.9994,1.7231,2.7725,5.033,12.77,3073,4580,17,14
13f0af4c-2565-4a4d-b765-7f397f1d1684,16100000,chunk_0270,Yield to the pedestrian in the crosswalk since the pedestrian is crossing our lane ahead,Yield due to a pedestrian in the crosswalk requiring reduced speed.,0.23951177655389227,0.8412537,1.7919,2.7768,4.1778,4.8878,5.368,12.857,3073,4580,20,14
13f0af4c-2565-4a4d-b765-7f397f1d1684,17100000,chunk_0270,"Maintain lane and gently accelerate because a pedestrian is still in the right-side crosswalk, blocking an immediate merge to the right, but once clear, our lane is open with no vehicles blocking.",Yield due to pedestrians in the crosswalk.,0.06931480388093912,0.53510314,0.8308,0.8392,3.5207,1.6368,7.958,11.476,3073,4580,42,10
13f0af4c-2565-4a4d-b765-7f397f1d1684,18100000,chunk_0270,Accelerate to proceed through the intersection since the pedestrian has cleared the crosswalk,Keep speed through the intersection since the traffic light is green.,0.328766377464404,0.52018476,1.4022,0.3684,4.6927,1.1034,5.13,12.164,3073,4580,18,12
13f0af4c-2565-4a4d-b765-7f397f1d1684,19100000,chunk_0270,Keep distance to the cyclists since they are directly ahead in our lane,Nudge left to avoid the traffic island on the right.,0.010696808570656031,0.41987193,1.8227,0.7052,4.1531,0.5629,4.901,12.138,3073,4580,16,12
868a46b4-c9ad-4413-820a-e5b63b50ad39,5100000,chunk_0270,Yield due to oncoming cyclists in our lane,Slow down due to the lead vehicle ahead,0.05016476990004217,0.29812407,0.5537,2.9129,1.5939,5.7867,4.544,10.95,3073,4580,13,8
868a46b4-c9ad-4413-820a-e5b63b50ad39,6100000,chunk_0270,Yield due to the lead vehicle slowing ahead,Slow down due to the lead vehicle reducing speed ahead,0.21874334301124504,0.74520206,1.2293,0.6803,1.187,2.4611,4.426,11.649,3073,4580,12,10
868a46b4-c9ad-4413-820a-e5b63b50ad39,7100000,chunk_0270,Yield due to the slow lead vehicle ahead,Slow down due to the lead vehicle reducing speed ahead,0.24437082500066099,0.77332294,2.0031,1.6917,9.9586,8.559,4.433,11.615,3073,4580,12,10
868a46b4-c9ad-4413-820a-e5b63b50ad39,8100000,chunk_0270,Slow down due to the lead vehicle ahead.,Slow down due to the lead vehicle ahead,1.0000000000000002,0.9415324,1.3487,1.1567,5.2423,5.7374,4.437,10.942,3073,4580,12,8
868a46b4-c9ad-4413-820a-e5b63b50ad39,9100000,chunk_0270,Yield to the slow lead vehicle ahead,Slow down due to the lead vehicle ahead.,0.4529756977365257,0.7827978,1.7075,0.6944,3.7233,0.8638,4.318,11.303,3073,4580,11,9
868a46b4-c9ad-4413-820a-e5b63b50ad39,10100000,chunk_0270,Yield to the slow lead vehicle ahead.,Slow down due to the lead vehicle ahead,0.4529756977365257,0.80632603,1.893,2.131,3.7073,8.5579,4.405,10.793,3073,4580,12,8
868a46b4-c9ad-4413-820a-e5b63b50ad39,11100000,chunk_0270,Stop due to red traffic light,Stop due to the lead vehicle stopping ahead,0.22184352894258053,0.5591492,1.4128,1.6145,5.3015,5.4026,4.082,10.797,3073,4580,9,8
868a46b4-c9ad-4413-820a-e5b63b50ad39,12100000,chunk_0270,Decelerate to maintain a safe distance to the lead vehicle since it is slowing ahead,Stop to keep distance to the lead vehicle.,0.2731675131441768,0.67362803,1.1736,2.3654,6.0165,9.1381,5.412,11.285,3073,4580,20,9
868a46b4-c9ad-4413-820a-e5b63b50ad39,13100000,chunk_0270,drives slowly due to the stopped lead vehicle blocking the lane,Keep distance to the lead vehicle because it is directly ahead in the same lane.,0.10572457281995894,0.6549084,0.7524,1.2578,3.9432,1.259,4.671,13.447,3073,4580,14,16
868a46b4-c9ad-4413-820a-e5b63b50ad39,14100000,chunk_0270,Yield to the pedestrian walking across our lane at the crosswalk,Accelerate due to the lead vehicle moving ahead,0.03707005224281966,0.29278907,2.5182,1.4336,0.959,5.4749,4.91,11.193,3073,4580,16,9
868a46b4-c9ad-4413-820a-e5b63b50ad39,15100000,chunk_0270,Yield by slowing due to a pedestrian walking across the crosswalk,Yield by slowing due to pedestrians crossing the road ahead,0.5083852960553498,0.8721753,2.7376,2.6052,8.2562,5.5701,4.909,11.625,3073,4580,16,11
868a46b4-c9ad-4413-820a-e5b63b50ad39,16100000,chunk_0270,Keep distance to the lead vehicle since it is directly ahead in our lane,Stop to yield to the pedestrian crossing ahead.,0.05944926203445546,0.44100043,0.7536,2.7197,1.8565,4.2112,5.014,11.168,3073,4580,17,9
868a46b4-c9ad-4413-820a-e5b63b50ad39,17100000,chunk_0270,Yield to the cut-in vehicle since it merges into our lane ahead during 2 to 4 seconds,Yield to the pedestrian crossing ahead because the person is in the ego lane.,0.07418652276120971,0.53794247,0.3462,1.0158,0.1703,1.1081,5.846,13.457,3073,4580,24,16
868a46b4-c9ad-4413-820a-e5b63b50ad39,18100000,chunk_0270,Maintain a slower speed due to the slow lead vehicle ahead,Slow down due to the lead vehicle ahead,0.339109003666812,0.8974765,1.3631,0.1599,4.126,0.7864,4.792,10.921,3073,4580,15,8
868a46b4-c9ad-4413-820a-e5b63b50ad39,19100000,chunk_0270,Yield due to pedestrians walking across the crosswalk ahead,Reduce speed due to the lead vehicle ahead slowing near the intersection,0.05421337876110023,0.36673826,3.065,1.2989,9.6815,3.3355,4.663,12.194,3073,4580,14,12
79937d25-63d0-4e38-9848-c714dcab0328,5100000,chunk_0270,Yield to the pedestrian walking across the crosswalk ahead since they are entering our lane,Yield due to a pedestrian walking across the crosswalk ahead,0.4828787404504345,0.9035829,6.489,4.0118,22.8613,5.9522,5.368,12.057,3073,4580,20,12
79937d25-63d0-4e38-9848-c714dcab0328,6100000,chunk_0270,Yield due to a pedestrian walking in the crosswalk ahead,Yield due to a pedestrian walking across the crosswalk,0.6023558436878383,0.9711015,3.7272,4.6621,12.3188,14.0411,4.78,11.782,3073,4580,15,11
79937d25-63d0-4e38-9848-c714dcab0328,7100000,chunk_0270,Yield due to a pedestrian walking across the crosswalk,Stop to yield to the pedestrian crossing at the crosswalk ahead.,0.19788149065162491,0.7770717,0.2075,0.8116,0.5104,4.6817,4.651,12.48,3073,4580,14,13
79937d25-63d0-4e38-9848-c714dcab0328,8100000,chunk_0270,Stop to yield to the pedestrian walking across the crosswalk ahead,Stop to yield to the pedestrian crossing the crosswalk ahead.,0.6669057514971627,0.9535284,3.149,0.7312,15.1807,4.3036,4.793,12.134,3073,4580,15,12
79937d25-63d0-4e38-9848-c714dcab0328,9100000,chunk_0270,Stop to yield to the pedestrian walking across the crosswalk ahead,Stop to yield to the pedestrian crossing the crosswalk ahead.,0.6669057514971627,0.9535284,2.0708,4.4885,9.3616,17.2368,4.802,12.02,3073,4580,15,12
79937d25-63d0-4e38-9848-c714dcab0328,10100000,chunk_0270,Stop to yield to the pedestrian in the crosswalk ahead since they are crossing our lane,Yield due to a pedestrian crossing in the crosswalk requiring speed reduction,0.1918560742495074,0.7850564,2.4392,5.8783,9.791,19.4301,5.374,12.616,3073,4580,20,14
79937d25-63d0-4e38-9848-c714dcab0328,11100000,chunk_0270,Yield due to a pedestrian walking across the crosswalk ahead,Yield due to a pedestrian in the crosswalk requiring speed reduction,0.31906595440422947,0.89713734,6.4972,3.0994,21.8921,12.0571,4.795,12.313,3073,4580,15,13
79937d25-63d0-4e38-9848-c714dcab0328,12100000,chunk_0270,Yield due to a pedestrian in the crosswalk,Yield due to a pedestrian in the crosswalk requiring speed reduction,0.6518903242792045,0.9204138,9.9625,2.8794,30.6836,11.2058,4.538,12.325,3073,4580,13,13
79937d25-63d0-4e38-9848-c714dcab0328,13100000,chunk_0270,Yield to the pedestrian in the crosswalk ahead since they are crossing our lane,Yield due to pedestrians in the crosswalk,0.21967331887316732,0.86817914,4.9609,2.7184,16.7617,13.2449,5.275,10.943,3073,4580,19,9
79937d25-63d0-4e38-9848-c714dcab0328,14100000,chunk_0270,Yield to the pedestrians in the crosswalk,Yield due to pedestrians in the crosswalk requiring speed reduction,0.4648196733991258,0.89277714,0.128,0.1474,0.6116,0.9095,4.425,11.942,3073,4580,12,12
79937d25-63d0-4e38-9848-c714dcab0328,15100000,chunk_0270,Yield due to pedestrians in the crosswalk,Yield due to pedestrians in the crosswalk requiring speed reduction,0.6720178901443332,0.9317625,0.1823,0.1742,0.9269,0.9037,4.45,11.944,3073,4580,12,12
79937d25-63d0-4e38-9848-c714dcab0328,16100000,chunk_0270,Yield due to a pedestrian in the crosswalk,Yield due to pedestrians in the crosswalk requiring speed reduction,0.3720174513291543,0.86601245,0.0916,0.2264,0.2791,0.9132,4.584,12.022,3073,4580,13,12
79937d25-63d0-4e38-9848-c714dcab0328,17100000,chunk_0270,Yield due to pedestrians in the crosswalk,Yield due to pedestrians in the crosswalk,1.0000000000000002,1.0,0.291,0.277,0.9005,0.7848,4.456,10.991,3073,4580,12,9
79937d25-63d0-4e38-9848-c714dcab0328,18100000,chunk_0270,Yield to the pedestrian because they are walking across the crosswalk ahead,Stop to yield to the pedestrian crossing the crosswalk.,0.27751121534737805,0.8562783,0.3238,0.1549,1.1815,0.5815,5.012,11.612,3073,4580,17,11
79937d25-63d0-4e38-9848-c714dcab0328,19100000,chunk_0270,Stop to yield to the pedestrian walking across the crosswalk ahead,Stop to yield to the pedestrian crossing the crosswalk ahead.,0.6669057514971627,0.9535284,0.0646,0.0389,0.1847,0.1106,4.789,12.103,3073,4580,15,12
5cde5b3e-c171-41d6-9906-c10a2516601e,5100000,chunk_0270,Brake to a stop because of red traffic light,Stop due to red traffic light,0.3745457154514091,0.89229435,2.1318,2.5495,10.551,13.2403,4.56,10.085,3073,4580,13,6
5cde5b3e-c171-41d6-9906-c10a2516601e,6100000,chunk_0270,Keep distance to the lead motorcycle since it is directly ahead in our lane,Stop due to red traffic light,0.00846425454802913,0.39948115,1.6076,1.0254,7.9985,4.3472,5.026,10.032,3073,4580,17,6
5cde5b3e-c171-41d6-9906-c10a2516601e,7100000,chunk_0270,Resume speed from stop since the straight traffic light turns green,Resume speed from stop since the traffic light turns green.,0.8784086992611296,0.9341105,3.0812,3.1116,9.7199,8.7697,4.696,11.774,3073,4580,14,11
5cde5b3e-c171-41d6-9906-c10a2516601e,8100000,chunk_0270,Adapt speed to maintain a safe distance from the lead vehicle since it is directly ahead in our lane,Accelerate due to green traffic light.,0.0052160905297654,0.3949123,4.4415,5.6172,10.2414,12.8462,5.887,10.858,3073,4580,23,8
5cde5b3e-c171-41d6-9906-c10a2516601e,9100000,chunk_0270,Keep distance to the lead vehicle since it is directly ahead in our lane,Keep distance to the lead vehicle because it is directly ahead in the same lane.,0.6260847993752536,0.9317155,1.6424,1.6994,8.8649,3.9619,5.031,13.405,3073,4580,17,16
5cde5b3e-c171-41d6-9906-c10a2516601e,10100000,chunk_0270,Keep distance to the lead motorcycle since it is directly ahead in our lane,Accelerate due to green traffic light,0.0065369131020384325,0.26516053,3.177,2.0728,6.7767,4.4299,5.009,10.529,3073,4580,17,7
5cde5b3e-c171-41d6-9906-c10a2516601e,11100000,chunk_0270,Keep distance to the lead motorcycle since it is directly ahead in our lane,Accelerate due to green traffic light ahead,0.0179364743630889,0.3252577,0.3578,3.3754,0.7716,9.2536,5.039,10.769,3073,4580,17,8
5cde5b3e-c171-41d6-9906-c10a2516601e,12100000,chunk_0270,Keep distance to the lead motorcycle since it merges into our lane ahead,Accelerate gently due to the lead vehicle ahead,0.08799871210588736,0.47403458,0.8564,2.9978,2.7596,7.1377,4.908,11.084,3073,4580,16,9
5cde5b3e-c171-41d6-9906-c10a2516601e,13100000,chunk_0270,Yield due to the scooter ahead in our lane,Yield due to a pedestrian walking across the crosswalk ahead,0.1410870110466197,0.5815099,0.7539,1.7687,2.2746,5.5954,4.563,12.054,3073,4580,13,12
5cde5b3e-c171-41d6-9906-c10a2516601e,14100000,chunk_0270,Yield due to the car turning across our path at the intersection,Maintain speed due to clear lane ahead,0.0291169279232789,0.4223951,1.012,0.4218,2.9508,1.436,4.916,10.717,3073,4580,16,8
5cde5b3e-c171-41d6-9906-c10a2516601e,15100000,chunk_0270,Slow down due to the school zone ahead,Maintain speed due to an oncoming vehicle ahead,0.044397956199338645,0.37546885,0.7876,0.6566,1.3217,0.7905,4.305,11.325,3073,4580,11,10
5cde5b3e-c171-41d6-9906-c10a2516601e,16100000,chunk_0270,Accelerate due to clear lane ahead,Maintain speed due to clear lane ahead.,0.6127627393177982,0.7838671,0.1628,1.0736,0.0995,3.1631,4.215,11.077,3073,4580,10,9
5cde5b3e-c171-41d6-9906-c10a2516601e,17100000,chunk_0270,Yield due to an oncoming motorcycle encroaching into our lane,Maintain speed due to green traffic light,0.029337169239727574,0.24469468,0.5817,2.3541,1.0614,5.8171,5.042,10.914,3073,4580,17,8
5cde5b3e-c171-41d6-9906-c10a2516601e,18100000,chunk_0270,Slow down due to the oncoming vehicle ahead,Slow down due to an oncoming vehicle ahead,0.6795627430841911,0.99655145,1.0799,1.6778,2.5554,5.8534,4.454,11.018,3073,4580,12,9
5cde5b3e-c171-41d6-9906-c10a2516601e,19100000,chunk_0270,Yield due to a pedestrian walking across the crosswalk ahead,Maintain speed due to an oncoming vehicle staying in the opposite lane,0.03547282799998912,0.3909123,0.5012,0.3759,1.5515,1.7991,4.794,12.516,3073,4580,15,14
682fed39-be2a-4949-8d04-21529678ffca,5100000,chunk_0270,Nudge to the left to pass the stopped truck blocking the lane,Nudge to the left in the same lane to pass the stopped truck blocking the lane.,0.7715842642392797,0.95677185,4.171,1.3244,13.3787,0.6235,4.908,13.704,3073,4580,16,18
682fed39-be2a-4949-8d04-21529678ffca,6100000,chunk_0270,Nudge to the left to clear the stopped truck blocking the right side of our lane,Nudge to the left to pass the stopped delivery truck blocking the lane.,0.4733755183249477,0.8765294,1.512,0.419,2.7069,1.6039,5.377,12.767,3073,4580,20,15
682fed39-be2a-4949-8d04-21529678ffca,7100000,chunk_0270,Yield due to a person standing in our lane beside a truck ahead,Yield due to pedestrians standing in the lane next to a parked truck,0.25178876063487843,0.8736718,4.1846,4.4885,5.4387,11.5227,5.034,12.63,3073,4580,17,14
682fed39-be2a-4949-8d04-21529678ffca,8100000,chunk_0270,Yield to the placement rider in our lane ahead,Yield due to a pedestrian crossing the road ahead,0.04917795325089945,0.6013878,4.8981,1.1448,8.2943,0.6226,4.576,11.443,3073,4580,13,10
682fed39-be2a-4949-8d04-21529678ffca,9100000,chunk_0270,Nudge to the left to create clearance from the stopped truck blocking the right side of our lane,Nudge to the left to pass the stopped van blocking the lane.,0.36295557470829665,0.71681595,0.9058,0.7261,3.4986,0.0174,5.641,12.627,3073,4580,22,14
682fed39-be2a-4949-8d04-21529678ffca,10100000,chunk_0270,Yield to the pedestrian walking directly into the lane ahead,Nudge left due to the pedestrian stepping into the lane from the right,0.3076529440472378,0.64092755,0.4472,1.0559,0.4156,2.9728,4.696,12.74,3073,4580,14,14
682fed39-be2a-4949-8d04-21529678ffca,11100000,chunk_0270,Yield due to a pedestrian walking across our lane ahead,Slow down due to the stopped van blocking the lane,0.0672587481140756,0.41701892,0.5054,0.8093,1.8738,1.6505,4.685,11.54,3073,4580,14,10
682fed39-be2a-4949-8d04-21529678ffca,12100000,chunk_0270,"Decelerate and hold our lane because an oncoming van is coming while our pressure line is slow, blocking our progress, with a stopped car directly ahead limiting our erb demonstrate two.isSuccessful",Slow down due to a stopped vehicle blocking the lane,0.056065482347519784,0.5972521,0.1837,0.5252,0.2963,0.6082,7.743,11.225,3073,4580,40,10
682fed39-be2a-4949-8d04-21529678ffca,13100000,chunk_0270,Slow down due to the lead vehicle stopped ahead,Stop due to the stopped van blocking the lane ahead,0.16485563158229877,0.57188976,0.4217,0.528,0.9066,0.9684,4.462,11.225,3073,4580,12,10
682fed39-be2a-4949-8d04-21529678ffca,14100000,chunk_0270,Keep distance to the lead vehicle since it is stopped ahead,Stop to keep distance to the lead vehicle.,0.458844255331462,0.88618124,0.0891,0.4716,0.084,0.7936,4.687,10.955,3073,4580,14,9
682fed39-be2a-4949-8d04-21529678ffca,15100000,chunk_0270,Keep distance to the lead vehicle since it is blocking the lane,Stop to keep distance to the stopped lead vehicle ahead.,0.3434744260570663,0.79928505,0.0593,0.2572,0.0165,0.5083,4.807,11.545,3073,4580,15,11
682fed39-be2a-4949-8d04-21529678ffca,16100000,chunk_0270,Stop to keep distance to the stopped van ahead blocking our lane.,Stop to keep distance to the lead vehicle.,0.4844257322112643,0.69598806,0.1131,0.0229,0.1514,0.0115,4.906,11.102,3073,4580,16,9
682fed39-be2a-4949-8d04-21529678ffca,17100000,chunk_0270,Nudge to the right to create clearance for the oncoming truck,Stop to keep distance to the lead vehicle because the lane ahead is blocked.,0.03898139614975406,0.41401547,0.0259,0.0135,0.1117,0.0271,4.927,13.188,3073,4580,16,15
682fed39-be2a-4949-8d04-21529678ffca,18100000,chunk_0270,Stop to keep distance to the lead vehicle since it is stationary ahead,Keep distance to the lead vehicle because it is stopped ahead.,0.39330803596367087,0.8895277,0.0004,0.0657,0.0008,0.2408,4.907,12.049,3073,4580,16,12
682fed39-be2a-4949-8d04-21529678ffca,19100000,chunk_0270,Stop to keep distance to the stopped lead vehicle blocking our lane,Stop to keep distance to the lead vehicle because it is stopped ahead.,0.47744715231799983,0.8074285,0.0006,0.0006,0.0017,0.0016,4.804,12.696,3073,4580,15,14
